binID	E003-DNase	wgEncodeOpenChromSynthPanisletsPk	E002-H3K4me3	ACA	ACC	ACG	ACT	ATA	ATC	ATG	ATT	CCA	CCC	CCG	CCT	CTA	CTC	CTG	CTT	GCA	GCC	GCG	GCT	GTA	GTC	GTG	GTT	TCA	TCC	TCG	TCT	TTA	TTC	TTG	TTT	TA5p	TC5p	TG5p	TT5p	CA5p	CC5p	CG5p	CT5p	AT3p	CT3p	GT3p	AC3p	GC3p	TC3p
gc19_pc.3utr::gencode::ACAP3::ENSG00000131584.14	0	1	0.361318	2.1885521885521886	3.2828282828282833	1.5993265993265993	2.0202020202020203	0.6734006734006733	0.5892255892255892	1.3468013468013467	0.5892255892255892	5.218855218855219	10.774410774410773	3.3670033670033668	6.902356902356903	0.5892255892255892	4.461279461279461	7.07070707070707	3.1144781144781146	4.62962962962963	9.090909090909092	3.2828282828282833	3.787878787878788	0.5892255892255892	3.1144781144781146	4.377104377104377	1.0101010101010102	2.861952861952862	3.1986531986531985	1.5151515151515151	2.525252525252525	0.6734006734006733	1.936026936026936	2.1043771043771047	1.5151515151515151	2.525252525252525	10.1010101010101	14.898989898989898	6.228956228956229	14.898989898989898	26.346801346801346	9.764309764309765	15.235690235690235	3.1986531986531985	15.235690235690235	9.090909090909092	9.090909090909092	20.791245791245792	10.1010101010101
gc19_pc.3utr::gencode::ACOT7::ENSG00000097021.15	0	0.374412	0.43831	3.1984948259642523	3.1984948259642523	2.06961429915334	3.1984948259642523	1.4111006585136407	1.5992474129821261	2.1636876763875823	1.5992474129821261	5.079962370649106	6.114769520225776	1.7873941674506115	4.703668861712136	1.5051740357478833	4.797742238946378	4.891815616180621	3.951081843838194	3.2925682031984946	3.2925682031984946	0.940733772342427	3.762935089369708	1.5051740357478833	2.539981185324553	4.233301975540922	3.4807149576669802	3.3866415804327374	5.079962370649106	1.2229539040451554	3.6688617121354654	1.03480714957667	4.327375352775165	3.574788334901223	3.3866415804327374	5.456255879586077	13.264346190028222	14.863593603010347	12.417685794920038	14.957666980244591	17.68579492003763	6.020696142991533	15.33396048918156	6.773283160865475	15.145813734713077	11.759172154280337	11.665098777046095	11.288805268109126	13.358419567262464
gc19_pc.3utr::gencode::ACTRT2::ENSG00000169717.5	0	1	0.49358	1.2345679012345678	6.172839506172839	2.4691358024691357	0.0	1.2345679012345678	1.2345679012345678	2.4691358024691357	2.4691358024691357	6.172839506172839	11.11111111111111	4.938271604938271	4.938271604938271	2.4691358024691357	2.4691358024691357	1.2345679012345678	4.938271604938271	1.2345679012345678	4.938271604938271	1.2345679012345678	4.938271604938271	2.4691358024691357	1.2345679012345678	2.4691358024691357	3.7037037037037033	2.4691358024691357	4.938271604938271	1.2345679012345678	1.2345679012345678	1.2345679012345678	3.7037037037037033	4.938271604938271	2.4691358024691357	7.4074074074074066	8.641975308641975	11.11111111111111	13.580246913580247	11.11111111111111	27.160493827160494	9.876543209876543	11.11111111111111	7.4074074074074066	11.11111111111111	9.876543209876543	9.876543209876543	12.345679012345679	9.876543209876543
gc19_pc.3utr::gencode::AGRN::ENSG00000188157.9	0	0	0.408569	2.9955947136563874	2.8193832599118944	1.5859030837004406	1.9383259911894273	0.9691629955947136	1.8502202643171806	1.762114537444934	1.4096916299559472	5.1982378854625555	8.01762114537445	2.9955947136563874	6.079295154185022	0.7929515418502203	4.493392070484582	7.753303964757709	2.290748898678414	4.317180616740088	7.312775330396476	2.378854625550661	4.669603524229075	0.7048458149779736	3.0837004405286343	4.229074889867841	1.3215859030837005	3.2599118942731278	4.140969162995595	1.3215859030837005	2.643171806167401	1.0572687224669604	1.9383259911894273	2.026431718061674	2.643171806167401	3.524229074889868	11.365638766519824	15.770925110132158	7.665198237885463	15.770925110132158	22.290748898678416	8.28193832599119	15.330396475770925	5.991189427312775	15.330396475770925	9.33920704845815	9.33920704845815	18.6784140969163	11.365638766519824
gc19_pc.3utr::gencode::AJAP1::ENSG00000196581.6	0	0.0804333	0.433528	4.505800019173617	2.684306394401304	1.006614897900489	2.8089349055699357	3.240341290384431	2.348768095101141	3.738855335058959	3.3457961844501964	4.304477039593519	3.7867893778161252	1.0353753235547885	3.882657463330457	2.022816604352411	3.4416642699645292	4.457865976416451	3.940178314639057	3.29786214169303	3.1348863963186653	0.7477710670117919	2.943150225290001	1.7447991563608476	2.2529000095868086	3.8059629949189913	3.173233630524398	3.642987249544627	3.4129038443102293	0.6806634071517592	4.21819576263062	2.8089349055699357	3.911417888984757	3.738855335058959	5.9342344933371685	9.816891956667625	11.954750263637235	15.741539641453361	16.39344262295082	15.751126450004794	13.018886012846323	3.4704246956188283	13.852938356821015	12.673760904994728	13.862525165372446	10.976895791391046	11.005656217045345	10.123669830313489	11.954750263637235
gc19_pc.3utr::gencode::AL590822.1::ENSG00000203301.2	0.637177	0.744533	0.590322	2.584493041749503	2.783300198807157	1.9880715705765408	1.3916500994035785	0.2982107355864811	1.5904572564612325	0.9940357852882704	0.8946322067594433	5.864811133200795	7.5546719681908545	2.982107355864811	6.063618290258449	1.0934393638170974	5.467196819085487	6.759443339960239	2.8827037773359843	4.274353876739562	6.958250497017893	3.876739562624255	5.964214711729622	1.1928429423459244	2.286282306163022	3.7773359840954273	1.4910536779324055	1.7892644135188867	5.168986083499006	1.2922465208747516	2.8827037773359843	0.5964214711729622	1.7892644135188867	2.8827037773359843	2.584493041749503	3.180914512922465	11.133200795228628	14.41351888667992	7.852882703777336	14.512922465208748	22.46520874751491	10.139165009940358	16.302186878727635	3.7773359840954273	16.202783300198806	8.747514910536779	8.747514910536779	21.07355864811133	11.133200795228628
gc19_pc.3utr::gencode::AL590822.2::ENSG00000269554.1	0	0.137751	0.226715	3.3129904097646032	2.964254577157803	1.6564952048823016	2.6155187445510024	0.17436791630340018	2.092414995640802	1.1333914559721012	0.6102877070619006	5.579773321708806	7.323452484742806	3.4001743679163035	4.969485614646905	1.1333914559721012	4.969485614646905	8.108108108108109	2.7027027027027026	3.4873583260680032	6.887532693984307	2.2667829119442024	5.3182214472537055	0.6974716652136007	3.661726242371403	4.882301656495205	1.2205754141238012	3.661726242371403	4.097646033129904	0.8718395815170008	4.0104620749782045	0.7846556233653008	1.918047079337402	1.8308631211857016	1.6564952048823016	2.789886660854403	12.641673931996515	15.954664341761116	6.190061028770706	16.041848299912818	21.272885789014822	8.195292066259809	16.913687881429816	4.0104620749782045	16.913687881429816	10.46207497820401	10.54925893635571	17.959895379250217	12.641673931996515
gc19_pc.3utr::gencode::AL627309.1::ENSG00000237683.5	0	0	0.49358	1.4925373134328357	1.8317503392130257	0.8819538670284939	2.37449118046133	0.5427408412483039	0.8141112618724559	1.3568521031207599	1.2211668928086838	6.1736770691994565	4.545454545454546	4.07055630936228	7.937584803256445	0.8141112618724559	7.055630936227951	6.648575305291724	3.4599728629579376	3.0529172320217097	11.12618724559023	1.5603799185888738	4.477611940298507	0.47489823609226595	2.4423337856173677	2.4423337856173677	1.1533242876526457	2.37449118046133	5.223880597014925	2.37449118046133	3.1886024423337855	0.40705563093622793	2.7815468113975577	2.645861601085482	3.0529172320217097	2.2388059701492535	13.093622795115332	13.093622795115332	8.887381275440976	13.093622795115332	22.727272727272727	8.887381275440976	17.978290366350066	3.934871099050204	17.978290366350066	6.512890094979647	6.580732700135686	20.21709633649932	13.161465400271371
gc19_pc.3utr::gencode::AL645728.1::ENSG00000215014.3	0.0812319	0.383754	1.1239	2.661064425770308	2.5210084033613445	2.2408963585434174	2.941176470588235	1.8207282913165268	2.5210084033613445	1.9607843137254901	3.5014005602240896	4.481792717086835	4.061624649859944	4.341736694677871	4.341736694677871	2.2408963585434174	4.481792717086835	4.481792717086835	1.680672268907563	2.2408963585434174	6.162464985994398	4.201680672268908	2.801120448179272	1.9607843137254901	2.941176470588235	3.081232492997199	2.380952380952381	2.5210084033613445	4.481792717086835	2.380952380952381	2.801120448179272	2.801120448179272	2.2408963585434174	2.380952380952381	4.341736694677871	8.823529411764707	12.184873949579831	11.904761904761903	11.904761904761903	11.904761904761903	17.22689075630252	13.165266106442578	12.885154061624648	9.803921568627452	12.885154061624648	10.364145658263306	10.364145658263306	15.406162464985995	12.184873949579831
gc19_pc.3utr::gencode::ANKRD65::ENSG00000235098.4	0	0	0.182343	3.6764705882352944	2.0588235294117645	0.5882352941176471	2.3529411764705883	1.4705882352941175	1.7647058823529411	2.794117647058824	2.5	3.9705882352941173	4.705882352941177	1.911764705882353	6.029411764705882	1.6176470588235297	4.411764705882353	6.61764705882353	3.823529411764706	3.5294117647058822	5.88235294117647	1.0294117647058822	4.5588235294117645	1.7647058823529411	1.911764705882353	2.3529411764705883	2.794117647058824	3.6764705882352944	3.9705882352941173	0.8823529411764706	3.6764705882352944	1.911764705882353	4.117647058823529	3.088235294117647	4.5588235294117645	6.764705882352941	12.205882352941176	14.852941176470589	13.676470588235295	14.852941176470589	16.61764705882353	4.411764705882353	16.61764705882353	8.529411764705882	16.470588235294116	8.823529411764707	8.676470588235293	15.0	12.205882352941176
gc19_pc.3utr::gencode::ARHGEF16::ENSG00000130762.10	0	0.669202	0.199371	2.2813688212927756	3.041825095057034	1.3307984790874523	1.7110266159695817	1.1406844106463878	1.1406844106463878	1.520912547528517	1.9011406844106464	6.4638783269961975	10.076045627376425	2.8517110266159698	6.273764258555133	1.3307984790874523	5.513307984790875	6.083650190114068	2.8517110266159698	3.802281368821293	7.79467680608365	0.9505703422053232	4.3726235741444865	0.38022813688212925	2.091254752851711	4.562737642585551	1.520912547528517	1.9011406844106464	4.752851711026616	1.3307984790874523	3.4220532319391634	1.3307984790874523	2.6615969581749046	2.2813688212927756	1.3307984790874523	4.182509505703422	11.406844106463879	14.44866920152091	7.604562737642586	14.44866920152091	25.665399239543724	6.4638783269961975	15.779467680608365	5.7034220532319395	15.779467680608365	8.555133079847907	8.365019011406844	16.920152091254753	11.406844106463879
gc19_pc.3utr::gencode::ATAD3A::ENSG00000197785.9	0	1	0.474813	3.7398373983739837	3.7398373983739837	0.4878048780487805	1.3008130081300813	0.4878048780487805	1.3008130081300813	1.4634146341463417	0.6504065040650406	5.691056910569105	11.544715447154472	3.089430894308943	7.967479674796748	0.8130081300813009	5.040650406504065	8.455284552845528	1.6260162601626018	4.715447154471545	8.617886178861788	1.1382113821138211	4.0650406504065035	0.3252032520325203	2.6016260162601625	5.365853658536586	0.975609756097561	2.2764227642276422	4.390243902439024	0.8130081300813009	2.7642276422764227	0.6504065040650406	1.3008130081300813	1.3008130081300813	1.3008130081300813	2.2764227642276422	10.24390243902439	16.585365853658537	4.5528455284552845	16.422764227642276	28.292682926829265	5.528455284552845	16.097560975609756	3.902439024390244	15.934959349593496	9.268292682926829	9.268292682926829	18.536585365853657	10.24390243902439
gc19_pc.3utr::gencode::ATAD3B::ENSG00000160072.15	0	0.709091	0.489956	3.6363636363636362	3.116883116883117	0.5194805194805194	1.8181818181818181	0.5194805194805194	0.5194805194805194	1.0389610389610389	0.5194805194805194	6.493506493506493	10.649350649350648	2.5974025974025974	7.532467532467532	1.2987012987012987	4.935064935064935	8.571428571428571	2.3376623376623376	3.6363636363636362	10.129870129870131	0.7792207792207793	4.675324675324675	0.5194805194805194	2.3376623376623376	5.454545454545454	1.0389610389610389	2.3376623376623376	3.6363636363636362	0.7792207792207793	3.116883116883117	0.7792207792207793	2.0779220779220777	1.0389610389610389	1.5584415584415585	3.116883116883117	9.87012987012987	16.103896103896105	5.454545454545454	16.103896103896105	27.532467532467532	4.675324675324675	17.142857142857142	2.5974025974025974	17.142857142857142	9.35064935064935	9.090909090909092	19.22077922077922	9.87012987012987
gc19_pc.3utr::gencode::ATAD3C::ENSG00000215915.5	0	0	0.480336	2.533992583436341	3.584672435105068	0.9888751545117428	2.4103831891223733	1.1124845488257107	2.4103831891223733	2.2867737948084055	1.9777503090234856	5.438813349814586	6.489493201483312	2.3485784919653896	5.253399258343634	1.2978986402966626	4.449938195302843	4.944375772558715	3.0902348578491967	3.8318912237330034	5.562422744128554	1.9159456118665017	3.2756489493201486	1.0506798516687268	1.9777503090234856	4.635352286773794	1.9777503090234856	3.4610630407911	3.8936959208899875	0.5562422744128553	3.0902348578491967	1.5451174289245984	2.03955500618047	3.3992583436341164	7.169344870210136	5.006180469715699	10.877626699629172	15.26576019777503	14.215080346106305	15.26576019777503	19.530284301606923	5.80964153275649	14.029666254635353	7.787391841779975	13.782447466007417	9.641532756489493	9.517923362175525	14.585908529048208	11.00123609394314
gc19_pc.3utr::gencode::AURKAIP1::ENSG00000175756.9	0	0	0.29123	1.4084507042253522	0.0	2.8169014084507045	4.225352112676056	1.4084507042253522	2.8169014084507045	0.0	4.225352112676056	1.4084507042253522	4.225352112676056	5.633802816901409	4.225352112676056	1.4084507042253522	4.225352112676056	7.042253521126761	2.8169014084507045	2.8169014084507045	7.042253521126761	5.633802816901409	4.225352112676056	2.8169014084507045	2.8169014084507045	1.4084507042253522	1.4084507042253522	4.225352112676056	4.225352112676056	0.0	4.225352112676056	2.8169014084507045	4.225352112676056	1.4084507042253522	2.8169014084507045	8.450704225352112	14.084507042253522	9.859154929577464	11.267605633802818	9.859154929577464	15.492957746478872	14.084507042253522	16.901408450704224	8.450704225352112	15.492957746478872	8.450704225352112	8.450704225352112	19.718309859154928	12.676056338028168
gc19_pc.3utr::gencode::B3GALT6::ENSG00000176022.3	0	0.120699	0.253221	2.8764805414551606	3.835307388606881	2.3124647490129724	2.820078962210942	0.6204173716864072	1.6356457980823462	1.6920473773265652	1.5792442188381277	4.794134235758602	6.711787930062043	4.230118443316413	3.778905809362662	0.7332205301748449	3.8917089678511	5.1889452904681335	3.2712915961646925	2.9892836999435985	4.624929498025945	2.8764805414551606	3.0456852791878175	1.015228426395939	4.004512126339538	3.948110547095319	2.8764805414551606	2.9892836999435985	4.342921601804851	1.7484489565707841	3.4404963338973493	1.9176536943034406	2.9892836999435985	2.820078962210942	4.39932318104907	4.286520022560632	12.521150592216582	13.649182177100958	12.12633953750705	13.649182177100958	19.51494641849972	11.16751269035533	13.08516638465877	5.527354765933446	13.08516638465877	11.844331641285956	11.844331641285956	13.536379018612521	12.521150592216582
gc19_pc.3utr::gencode::C1orf159::ENSG00000131591.13	0	0	0.473523	1.7674418604651163	3.5348837209302326	2.1395348837209305	1.7674418604651163	0.5581395348837209	1.6744186046511629	1.5813953488372092	0.46511627906976744	6.4186046511627906	8.465116279069768	4.930232558139535	5.5813953488372094	0.7441860465116279	5.116279069767442	6.883720930232558	2.0465116279069764	4.55813953488372	8.279069767441861	3.1627906976744184	4.465116279069767	0.09302325581395349	3.1627906976744184	4.837209302325581	1.0232558139534882	1.8604651162790697	5.116279069767442	1.5813953488372092	2.9767441860465116	0.6511627906976745	1.5813953488372092	1.302325581395349	1.6744186046511629	2.0465116279069764	11.534883720930232	14.604651162790697	5.209302325581396	14.604651162790697	25.3953488372093	11.813953488372093	14.790697674418604	4.279069767441861	14.790697674418604	9.11627906976744	9.209302325581396	20.46511627906977	11.534883720930232
gc19_pc.3utr::gencode::C1orf170::ENSG00000187642.5	0.198321	0.885624	0.522856	2.308499475341028	3.987408184679958	0.7345225603357817	1.5739769150052465	0.4197271773347324	1.6789087093389297	1.3641133263378804	1.3641133263378804	5.876180482686253	9.44386149003148	2.308499475341028	7.450157397691501	0.6295907660020986	6.505771248688353	7.76495278069255	2.098635886673662	4.616998950682056	6.925498426023085	1.4690451206715633	3.987408184679958	0.3147953830010493	2.8331584470094437	4.512067156348373	0.944386149003148	2.6232948583420774	4.826862539349422	1.154249737670514	4.092339979013642	0.7345225603357817	1.888772298006296	1.7838405036726128	1.7838405036726128	2.098635886673662	12.906610703043023	15.424973767051418	6.190975865687303	15.424973767051418	25.183630640083944	5.6663168940188875	17.103882476390346	4.826862539349422	16.998950682056662	8.604407135362015	8.604407135362015	16.998950682056662	12.696747114375656
gc19_pc.3utr::gencode::C1orf174::ENSG00000198912.6	0	0	0.45529	4.07185628742515	2.155688622754491	0.8383233532934131	3.2335329341317367	3.592814371257485	2.2754491017964074	3.8323353293413174	4.910179640718563	4.07185628742515	2.2754491017964074	0.5988023952095809	3.1137724550898205	1.7964071856287425	4.07185628742515	3.8323353293413174	3.952095808383234	2.874251497005988	2.9940119760479043	0.9580838323353293	3.473053892215569	3.3532934131736525	1.7964071856287425	2.874251497005988	2.2754491017964074	4.191616766467066	2.754491017964072	0.47904191616766467	3.7125748502994016	3.473053892215569	2.9940119760479043	4.6706586826347305	8.502994011976048	12.215568862275449	11.137724550898204	15.209580838323353	19.64071856287425	15.209580838323353	10.179640718562874	2.874251497005988	13.532934131736527	14.610778443113773	13.652694610778443	10.29940119760479	10.29940119760479	10.29940119760479	11.137724550898204
gc19_pc.3utr::gencode::C1orf222::ENSG00000142609.13	0	0	0.561617	3.0864197530864197	3.0864197530864197	0.6172839506172839	3.0864197530864197	0.6172839506172839	0.6172839506172839	1.2345679012345678	1.8518518518518516	5.555555555555555	3.0864197530864197	0.6172839506172839	5.555555555555555	1.2345679012345678	5.555555555555555	7.4074074074074066	3.7037037037037033	3.0864197530864197	5.555555555555555	2.4691358024691357	4.938271604938271	0.0	4.320987654320987	3.7037037037037033	1.8518518518518516	4.320987654320987	3.0864197530864197	0.0	4.320987654320987	1.8518518518518516	1.2345679012345678	3.7037037037037033	8.641975308641975	3.7037037037037033	11.728395061728394	16.049382716049383	16.049382716049383	16.049382716049383	14.814814814814813	3.7037037037037033	17.901234567901234	4.320987654320987	17.901234567901234	9.876543209876543	9.876543209876543	16.049382716049383	11.728395061728394
gc19_pc.3utr::gencode::C1orf233::ENSG00000228594.1	0.175359	0.785336	0.325081	2.418745275888133	4.535147392290249	0.9070294784580499	1.436130007558579	0.45351473922902497	1.436130007558579	2.1919879062736203	0.7558578987150416	6.575963718820861	7.558578987150416	4.308390022675737	6.273620559334845	0.9826152683295541	4.308390022675737	7.2562358276643995	2.494331065759637	4.459561602418746	8.616780045351474	3.5525321239606953	4.383975812547241	0.6046863189720333	3.4769463340891913	4.383975812547241	0.9070294784580499	2.418745275888133	4.00604686318972	1.0582010582010581	2.947845804988662	0.8314436885865457	1.2093726379440666	2.0408163265306123	1.2093726379440666	2.872260015117158	10.430839002267573	15.873015873015872	5.366591080876796	15.873015873015872	24.71655328798186	9.82615268329554	15.041572184429327	4.837490551776266	15.041572184429327	9.372637944066515	9.297052154195011	21.012849584278158	10.430839002267573
gc19_pc.3utr::gencode::C1orf86::ENSG00000162585.12	0.0965392	0.0965392	0.441655	3.096539162112933	2.792956891317547	1.5786278081360048	2.1250758955676985	0.607164541590771	1.8822100789313905	2.30722525804493	1.4571948998178506	4.857316332726168	7.225258044930176	3.3394049787492412	4.918032786885246	0.9107468123861567	4.189435336976321	6.253794778384942	3.400121432908318	4.432301153612629	5.707346690953248	3.7037037037037033	4.493017607771707	0.8500303582270795	3.3394049787492412	3.7037037037037033	1.700060716454159	2.9751062537947783	4.675166970248937	1.0321797207043109	3.278688524590164	1.0321797207043109	2.4893746205221614	3.0358227079538556	2.610807528840316	3.400121432908318	11.900425015179113	15.300546448087433	9.168184578020643	15.361262902246509	20.40072859744991	9.65391621129326	14.814814814814813	6.253794778384942	14.754098360655737	9.593199757134183	9.593199757134183	18.336369156041286	11.961141469338191
gc19_pc.3utr::gencode::CALML6::ENSG00000169885.5	0	0	0.33495	1.9801980198019802	0.9900990099009901	0.9900990099009901	0.9900990099009901	0.9900990099009901	0.0	0.9900990099009901	1.9801980198019802	3.9603960396039604	16.831683168316832	7.920792079207921	4.9504950495049505	0.0	2.9702970297029703	8.91089108910891	0.9900990099009901	7.920792079207921	11.881188118811881	0.9900990099009901	6.9306930693069315	0.9900990099009901	0.0	2.9702970297029703	0.9900990099009901	0.0	4.9504950495049505	0.0	0.0	1.9801980198019802	1.9801980198019802	0.0	2.9702970297029703	3.9603960396039604	4.9504950495049505	12.871287128712872	6.9306930693069315	13.861386138613863	34.65346534653465	9.900990099009901	12.871287128712872	3.9603960396039604	12.871287128712872	4.9504950495049505	4.9504950495049505	27.722772277227726	4.9504950495049505
gc19_pc.3utr::gencode::CCDC27::ENSG00000162592.4	0	0.826446	0.35616	1.6528925619834711	4.958677685950414	1.6528925619834711	1.6528925619834711	0.8264462809917356	0.0	1.6528925619834711	2.479338842975207	8.264462809917356	11.570247933884298	4.958677685950414	2.479338842975207	0.0	4.132231404958678	9.090909090909092	0.0	3.3057851239669422	9.917355371900827	1.6528925619834711	4.958677685950414	0.8264462809917356	3.3057851239669422	3.3057851239669422	2.479338842975207	2.479338842975207	1.6528925619834711	0.0	4.132231404958678	1.6528925619834711	1.6528925619834711	1.6528925619834711	1.6528925619834711	3.3057851239669422	9.090909090909092	15.702479338842975	6.6115702479338845	15.702479338842975	28.09917355371901	8.264462809917356	13.223140495867769	4.958677685950414	13.223140495867769	9.917355371900827	9.917355371900827	19.834710743801654	8.264462809917356
gc19_pc.3utr::gencode::CCNL2::ENSG00000221978.7	0	0.203704	0.53771	4.320987654320987	2.821869488536155	1.4991181657848323	2.9982363315696645	3.6155202821869485	2.0282186948853616	3.262786596119929	3.6155202821869485	3.3509700176366843	3.0864197530864197	1.8518518518518516	3.262786596119929	1.4991181657848323	3.262786596119929	4.5855379188712515	3.968253968253968	3.880070546737213	3.0864197530864197	1.4109347442680775	3.7918871252204585	2.380952380952381	2.4691358024691357	4.232804232804233	2.5573192239858904	4.056437389770723	2.5573192239858904	0.8818342151675485	3.3509700176366843	3.3509700176366843	3.0864197530864197	3.6155202821869485	6.261022927689594	10.846560846560847	10.846560846560847	15.696649029982362	16.402116402116402	15.608465608465607	11.552028218694884	5.64373897707231	13.403880070546737	12.522045855379188	13.31569664902998	11.64021164021164	11.64021164021164	12.16931216931217	10.846560846560847
gc19_pc.3utr::gencode::CDK11A::ENSG00000008128.18	0	0	0.49358																																	0.0	0.0	0.0	0.0	0.0	0.0	0.0	0.0	0.0	0.0	0.0	0.0	0.0	0.0
gc19_pc.3utr::gencode::CDK11B::ENSG00000248333.3	0	0	0.49358																																	0.0	0.0	0.0	0.0	0.0	0.0	0.0	0.0	0.0	0.0	0.0	0.0	0.0	0.0
gc19_pc.3utr::gencode::CEP104::ENSG00000116198.8	0	0.174777	0.422405	3.8723181580324435	2.7995813710099426	1.1773940345368918	2.7210884353741496	3.2443746729461016	2.1454735740450026	3.165881737310309	4.081632653061225	4.4479330193615905	3.47985347985348	1.4128728414442702	4.107796964939822	1.8576661433804293	3.741496598639456	4.604918890633177	3.0088958660387233	3.349031920460492	3.9769754055468343	1.5175300889586603	2.904238618524333	1.9361590790162218	1.8576661433804293	3.6630036630036633	3.061224489795918	3.0350601779173205	3.192046049188906	0.8895866038723181	3.47985347985348	3.950811093668236	2.8519099947671376	3.270538984824699	7.195185766614339	10.989010989010989	10.596546310832025	14.704343275771848	17.346938775510203	14.704343275771848	13.448456305599162	4.99738356881214	13.212977498691783	12.637362637362637	13.212977498691783	10.518053375196232	10.570381998953428	11.747776033490318	10.596546310832025
gc19_pc.3utr::gencode::CHD5::ENSG00000116254.13	0	1	0.414753	3.104895104895105	3.3286713286713288	1.202797202797203	2.181818181818182	0.5874125874125874	1.3426573426573427	1.6503496503496504	0.951048951048951	6.3776223776223775	8.755244755244755	1.9580419580419581	6.601398601398602	0.8111888111888113	4.391608391608392	6.9370629370629375	3.4685314685314688	3.9160839160839163	6.741258741258742	1.5664335664335665	3.888111888111888	0.7832167832167832	2.993006993006993	4.335664335664335	1.7062937062937062	2.4335664335664338	4.895104895104895	0.9230769230769231	2.937062937062937	0.7832167832167832	2.4335664335664338	2.909090909090909	3.104895104895105	2.965034965034965	11.16083916083916	15.832167832167832	9.230769230769232	15.832167832167832	23.72027972027972	5.65034965034965	15.608391608391608	4.531468531468532	15.608391608391608	9.818181818181818	9.818181818181818	16.111888111888113	11.188811188811188
gc19_pc.3utr::gencode::CPSF3L::ENSG00000127054.14	0	0	0.216803	4.198473282442748	4.580152671755725	0.0	2.6717557251908395	0.38167938931297707	0.38167938931297707	0.38167938931297707	0.38167938931297707	5.7251908396946565	5.7251908396946565	1.1450381679389312	8.015267175572518	1.5267175572519083	2.2900763358778624	11.83206106870229	2.6717557251908395	5.7251908396946565	6.488549618320611	0.38167938931297707	4.198473282442748	0.7633587786259541	4.580152671755725	3.435114503816794	3.0534351145038165	2.2900763358778624	3.816793893129771	0.0	3.816793893129771	1.1450381679389312	2.6717557251908395	2.2900763358778624	3.435114503816794	3.816793893129771	9.923664122137405	17.938931297709924	9.541984732824428	17.938931297709924	20.610687022900763	1.5267175572519083	18.702290076335878	1.5267175572519083	18.3206106870229	11.83206106870229	11.450381679389313	16.793893129770993	9.923664122137405
gc19_pc.3utr::gencode::DFFB::ENSG00000169598.11	0	0	0.441403	4.680094786729858	3.1990521327014214	1.6587677725118484	2.4289099526066353	2.014218009478673	2.4289099526066353	3.850710900473934	3.5545023696682465	4.3246445497630335	3.1990521327014214	1.1848341232227488	3.5545023696682465	1.481042654028436	3.672985781990521	5.33175355450237	2.132701421800948	2.3696682464454977	3.080568720379147	1.0071090047393365	3.495260663507109	2.7843601895734595	2.1919431279620856	3.1990521327014214	3.7914691943127963	4.857819905213271	2.7843601895734595	0.7701421800947867	3.139810426540284	2.3696682464454977	3.2582938388625595	3.850710900473934	8.35308056872038	8.649289099526067	11.552132701421801	16.23222748815166	17.83175355450237	16.23222748815166	12.263033175355451	4.62085308056872	12.618483412322275	11.848341232227488	12.618483412322275	11.966824644549764	11.966824644549764	9.95260663507109	11.552132701421801
gc19_pc.3utr::gencode::DVL1::ENSG00000107404.13	0	0.387991	0.49358	3.5796766743648964	3.348729792147806	1.7321016166281753	1.2702078521939952	0.9237875288683602	1.7321016166281753	2.3094688221709005	1.0392609699769053	5.542725173210162	9.468822170900692	2.5404157043879905	6.235565819861432	0.6928406466512702	4.849884526558892	7.736720554272518	1.9630484988452657	5.427251732101617	6.1200923787528865	2.424942263279446	4.503464203233257	0.8083140877598153	3.348729792147806	4.618937644341801	1.0392609699769053	1.5011547344110854	4.849884526558892	1.3856812933025404	3.117782909930716	1.7321016166281753	0.9237875288683602	1.3856812933025404	1.8475750577367205	4.157043879907621	10.854503464203233	16.05080831408776	5.8891454965357966	16.05080831408776	23.787528868360276	8.083140877598153	15.1270207852194	6.0046189376443415	15.242494226327944	9.815242494226329	9.930715935334874	18.475750577367204	10.854503464203233
gc19_pc.3utr::gencode::ESPN::ENSG00000187017.10	0.149542	0.681587	0.66891	2.238046795523906	2.950152594099695	1.4242115971515767	2.034587995930824	1.4242115971515767	1.3224821973550356	2.136317395727365	1.119023397761953	4.781281790437437	10.071210579857578	4.476093591047812	4.476093591047812	0.7121057985757884	4.781281790437437	5.90030518819939	2.441505595116989	4.476093591047812	7.019328585961343	3.8657171922685656	4.374364191251272	0.6103763987792472	2.441505595116989	3.6622583926754833	2.034587995930824	2.3397761953204474	3.7639877924720246	1.8311291963377416	2.8484231943031535	1.119023397761953	2.3397761953204474	2.136317395727365	2.8484231943031535	3.8657171922685656	10.885045778229909	13.835198372329604	8.44354018311292	13.835198372329604	23.80467955239064	11.597151576805697	13.73346897253306	6.002034587995931	13.835198372329604	8.748728382502543	8.646998982706002	19.735503560528993	10.783316378433367
gc19_pc.3utr::gencode::FAM132A::ENSG00000184163.3	0	1	0.294051	1.0526315789473684	4.2105263157894735	1.0526315789473684	1.0526315789473684	1.0526315789473684	3.1578947368421053	1.0526315789473684	1.0526315789473684	5.263157894736842	13.684210526315791	6.315789473684211	7.368421052631578	1.0526315789473684	6.315789473684211	4.2105263157894735	1.0526315789473684	2.1052631578947367	8.421052631578947	4.2105263157894735	4.2105263157894735	1.0526315789473684	2.1052631578947367	4.2105263157894735	0.0	2.1052631578947367	7.368421052631578	1.0526315789473684	1.0526315789473684	1.0526315789473684	0.0	1.0526315789473684	1.0526315789473684	4.2105263157894735	11.578947368421053	10.526315789473683	3.1578947368421053	10.526315789473683	33.68421052631579	12.631578947368421	13.684210526315791	6.315789473684211	12.631578947368421	7.368421052631578	7.368421052631578	18.947368421052634	11.578947368421053
gc19_pc.3utr::gencode::FAM213B::ENSG00000157870.10	0	0.0869339	0.351754	2.7589796980739196	3.9042165538781886	0.7287870900572618	2.4466423737636647	0.5726184279021342	1.5616866215512752	2.4466423737636647	1.665799062988027	5.9344091618948465	7.808433107756377	2.2384174908901615	5.88235294117647	1.4055179593961478	4.424778761061947	7.496095783446122	2.5507548152004165	4.5288912024986985	6.038521603331598	1.665799062988027	4.060385216033316	0.989068193649141	3.1233732431025505	3.748047891723061	1.978136387298282	2.8110359187922955	4.112441436751692	0.8849557522123894	3.5398230088495577	1.6137428422696511	2.2384174908901615	2.342529932326913	2.4986985944820406	4.580947423217074	11.348256116605935	16.03331598125976	8.693388859968767	16.03331598125976	21.863612701717855	5.517959396147839	15.929203539823009	6.246746486205101	15.877147319104633	9.838625715773034	9.838625715773034	16.29359708485164	11.348256116605935
gc19_pc.3utr::gencode::GABRD::ENSG00000187730.6	0	1	0.451034	1.910828025477707	2.9723991507431	1.2738853503184715	1.2738853503184715	0.42462845010615713	2.1231422505307855	1.48619957537155	0.6369426751592357	4.246284501061571	6.369426751592357	4.246284501061571	6.794055201698514	0.42462845010615713	5.7324840764331215	7.218683651804671	3.6093418259023355	2.9723991507431	7.643312101910828	2.1231422505307855	4.670912951167728	0.0	2.7600849256900215	2.9723991507431	1.6985138004246285	3.6093418259023355	4.8832271762208075	2.1231422505307855	4.45859872611465	0.42462845010615713	4.45859872611465	1.0615711252653928	3.397027600849257	1.2738853503184715	15.074309978768577	12.738853503184714	9.341825902335456	12.738853503184714	21.86836518046709	9.766454352441615	17.197452229299362	4.670912951167728	16.985138004246284	7.43099787685775	7.43099787685775	17.40976645435244	15.074309978768577
gc19_pc.3utr::gencode::GLTPD1::ENSG00000224051.2	0	0.151675	0.40685	3.0864197530864197	3.0864197530864197	1.8518518518518516	1.5873015873015872	0.26455026455026454	1.1463844797178129	1.1463844797178129	0.4409171075837742	6.172839506172839	9.700176366843033	3.527336860670194	6.261022927689594	0.7054673721340388	4.673721340388007	8.465608465608465	2.204585537918871	5.026455026455026	8.641975308641975	2.2927689594356258	4.673721340388007	0.3527336860670194	2.91005291005291	5.2028218694885355	1.1463844797178129	1.763668430335097	4.320987654320987	1.1463844797178129	3.6155202821869485	0.4409171075837742	2.1164021164021163	1.2345679012345678	0.7936507936507936	1.763668430335097	10.846560846560847	16.049382716049383	4.5855379188712515	16.049382716049383	25.749559082892414	8.818342151675484	16.137566137566136	2.9982363315696645	16.049382716049383	9.611992945326278	9.611992945326278	20.634920634920633	10.846560846560847
gc19_pc.3utr::gencode::GNB1::ENSG00000078369.13	0	0.0682459	0.232216	4.963338973491258	2.199661590524535	0.9588268471517203	2.9892836999435985	2.6508742244782857	2.5944726452340667	3.835307388606881	4.004512126339538	3.4404963338973493	3.102086858432036	0.7896221094190639	3.2148900169204735	1.7484489565707841	3.4404963338973493	4.342921601804851	4.060913705583756	3.3276931754089114	1.804850535815003	1.071630005640158	2.4252679075014103	2.086858432036097	2.143260011280316	3.2148900169204735	3.609701071630006	3.835307388606881	3.3840947546531304	0.338409475465313	4.906937394247039	3.2148900169204735	4.286520022560632	4.173716864072194	7.839819514946418	9.701071630005641	12.464749012972364	15.5668358714044	19.51494641849972	15.5668358714044	10.490693739424705	3.1584884376762554	13.536379018612521	13.08516638465877	13.592780597856741	11.054709531866893	11.11111111111111	8.629441624365482	12.464749012972364
gc19_pc.3utr::gencode::GPR153::ENSG00000158292.6	0.254016	0.943273	0.471013	3.313253012048193	3.5140562248995986	1.355421686746988	2.0582329317269075	0.9036144578313252	1.355421686746988	2.3092369477911645	1.0040160642570282	6.2248995983935735	8.483935742971887	2.108433734939759	6.526104417670683	1.4056224899598393	4.66867469879518	6.526104417670683	2.9116465863453818	3.5642570281124497	6.576305220883534	2.0080321285140563	4.116465863453815	1.104417670682731	2.961847389558233	4.26706827309237	1.9076305220883536	2.7610441767068274	4.819277108433735	0.6526104417670683	2.8112449799196786	1.0040160642570282	2.0582329317269075	2.7610441767068274	1.957831325301205	4.417670682730924	11.04417670682731	15.863453815261044	7.781124497991968	15.863453815261044	23.393574297188753	6.124497991967871	15.512048192771086	5.572289156626506	15.512048192771086	10.240963855421686	10.240963855421686	16.265060240963855	11.04417670682731
gc19_pc.3utr::gencode::HES2::ENSG00000069812.7	0.0373189	0.0545251	0.480866	2.9273743016759775	2.9273743016759775	0.8044692737430168	2.8603351955307263	1.3407821229050279	2.3016759776536313	2.815642458100559	2.435754189944134	5.251396648044693	5.743016759776536	1.76536312849162	4.93854748603352	1.4301675977653632	4.670391061452514	6.167597765363129	3.2849162011173183	4.5139664804469275	4.916201117318435	1.4748603351955307	4.17877094972067	1.2067039106145252	2.2793296089385477	4.089385474860335	1.9441340782122907	3.5754189944134076	4.111731843575419	0.8268156424581006	3.6201117318435756	1.6089385474860336	2.88268156424581	3.173184357541899	3.9329608938547485	5.58659217877095	12.134078212290502	16.245810055865924	11.597765363128492	16.268156424581008	17.69832402234637	4.871508379888268	15.597765363128492	8.893854748603353	15.553072625698325	9.5195530726257	9.5195530726257	15.083798882681565	12.134078212290502
gc19_pc.3utr::gencode::HES3::ENSG00000173673.7	0.183099	1	6.98558	4.225352112676056	2.8169014084507045	1.4084507042253522	4.225352112676056	2.8169014084507045	0.0	0.0	2.8169014084507045	4.225352112676056	9.859154929577464	0.0	5.633802816901409	2.8169014084507045	2.8169014084507045	7.042253521126761	1.4084507042253522	2.8169014084507045	4.225352112676056	7.042253521126761	2.8169014084507045	0.0	7.042253521126761	5.633802816901409	0.0	2.8169014084507045	4.225352112676056	2.8169014084507045	1.4084507042253522	0.0	1.4084507042253522	1.4084507042253522	4.225352112676056	5.633802816901409	11.267605633802818	14.084507042253522	8.450704225352112	14.084507042253522	21.12676056338028	11.267605633802818	14.084507042253522	5.633802816901409	14.084507042253522	12.676056338028168	12.676056338028168	16.901408450704224	11.267605633802818
gc19_pc.3utr::gencode::HES4::ENSG00000188290.6	0	1	2.40239	2.0618556701030926	0.0	4.123711340206185	2.0618556701030926	3.0927835051546393	1.0309278350515463	1.0309278350515463	3.0927835051546393	3.0927835051546393	4.123711340206185	5.154639175257731	5.154639175257731	3.0927835051546393	5.154639175257731	6.185567010309279	1.0309278350515463	4.123711340206185	11.34020618556701	3.0927835051546393	2.0618556701030926	2.0618556701030926	2.0618556701030926	2.0618556701030926	2.0618556701030926	1.0309278350515463	2.0618556701030926	2.0618556701030926	6.185567010309279	2.0618556701030926	3.0927835051546393	1.0309278350515463	4.123711340206185	10.309278350515463	11.34020618556701	10.309278350515463	10.309278350515463	10.309278350515463	17.525773195876287	14.432989690721648	15.463917525773196	8.24742268041237	15.463917525773196	8.24742268041237	8.24742268041237	20.618556701030926	11.34020618556701
gc19_pc.3utr::gencode::HES5::ENSG00000197921.5	0.480501	0.746518	0.654545	3.3426183844011144	2.0891364902506964	2.0891364902506964	2.3676880222841223	1.1142061281337048	1.6713091922005572	1.9498607242339834	1.6713091922005572	4.596100278551532	8.217270194986073	5.013927576601671	4.456824512534819	1.1142061281337048	3.7604456824512535	5.710306406685237	3.064066852367688	3.3426183844011144	8.07799442896936	2.9247910863509747	3.6211699164345403	1.2534818941504178	2.9247910863509747	4.3175487465181055	1.392757660167131	2.785515320334262	4.03899721448468	1.532033426183844	3.064066852367688	0.9749303621169917	3.064066852367688	2.0891364902506964	2.3676880222841223	4.456824512534819	11.420612813370473	14.066852367688023	8.495821727019498	14.066852367688023	22.42339832869081	11.559888579387186	13.509749303621168	6.406685236768802	13.649025069637883	9.88857938718663	9.88857938718663	17.96657381615599	11.420612813370473
gc19_pc.3utr::gencode::ICMT::ENSG00000116237.11	0	0.223566	0.411417	3.2158476974530488	2.598404939542063	1.0290712631849754	3.190120915873424	1.9552354000514538	2.4440442500643167	2.8813995369179315	3.57602263956779	4.5536403395935166	3.57602263956779	1.6207872395163365	4.296372523797273	2.1095960895292	3.704656547465912	5.068175971186005	3.7818368922047854	3.293028042191922	4.5536403395935166	1.3377926421404682	3.473115513249293	2.032415744790327	2.0066889632107023	3.241574479032673	2.7527656290198097	3.678929765886288	3.3187548237715463	0.9004373552868536	3.704656547465912	3.112940571134551	3.4473887316696685	3.5502958579881656	5.994340108052483	9.21018780550553	11.6027784924106	14.741445845124776	16.104965268844868	14.741445845124776	14.046822742474916	4.888088500128633	14.6642655003859	10.856701826601492	14.6642655003859	10.033444816053512	10.033444816053512	12.6575765371752	11.6027784924106
gc19_pc.3utr::gencode::ISG15::ENSG00000187608.5	1	0	1.57541	3.225806451612903	1.6129032258064515	0.0	0.0	1.6129032258064515	4.838709677419355	1.6129032258064515	3.225806451612903	3.225806451612903	3.225806451612903	4.838709677419355	8.064516129032258	0.0	4.838709677419355	4.838709677419355	4.838709677419355	3.225806451612903	8.064516129032258	0.0	4.838709677419355	1.6129032258064515	0.0	1.6129032258064515	1.6129032258064515	1.6129032258064515	6.451612903225806	1.6129032258064515	3.225806451612903	3.225806451612903	3.225806451612903	3.225806451612903	6.451612903225806	6.451612903225806	12.903225806451612	11.29032258064516	16.129032258064516	11.29032258064516	19.35483870967742	6.451612903225806	16.129032258064516	11.29032258064516	14.516129032258066	4.838709677419355	4.838709677419355	16.129032258064516	12.903225806451612
gc19_pc.3utr::gencode::KCNAB2::ENSG00000069424.10	0.00287924	0.931183	0.370016	2.7065937230060464	3.6279873308378923	0.806219406852865	2.0731356176216527	0.5182839044054132	1.4108839619925138	1.9291678663979268	1.151742009789807	6.363374604088684	8.551684422689318	2.2171033688453785	6.3921681543334286	1.0941549093003167	4.635761589403973	6.536135905557155	3.656780881082637	4.05989058450907	6.219406852864958	1.5260581629714944	4.290238986467031	0.6046645551396488	2.9081485747192626	4.203858335732796	1.5260581629714944	2.1883098186006333	5.125251943564642	1.2093291102792976	3.2536711776562046	0.806219406852865	2.8217679239850275	2.6778001727613012	2.9081485747192626	3.0233227756982437	11.776562050100777	15.34696228044918	9.242729628563202	15.318168730204434	23.524330549956808	5.758710048949036	16.009213936078318	5.01007774258566	15.922833285344081	9.242729628563202	9.213936078318456	16.095594586812553	11.776562050100777
gc19_pc.3utr::gencode::KLHL17::ENSG00000187961.9	0	0.192748	0.365598	3.0534351145038165	3.6259541984732824	3.2442748091603053	1.9083969465648856	1.717557251908397	1.1450381679389312	2.480916030534351	2.2900763358778624	5.343511450381679	8.015267175572518	2.2900763358778624	5.534351145038168	0.9541984732824428	3.6259541984732824	5.534351145038168	2.6717557251908395	5.7251908396946565	4.770992366412214	2.2900763358778624	2.480916030534351	0.7633587786259541	3.6259541984732824	5.343511450381679	1.9083969465648856	1.3358778625954197	4.961832061068702	0.9541984732824428	2.8625954198473282	3.0534351145038165	1.717557251908397	2.099236641221374	2.6717557251908395	6.488549618320611	10.114503816793894	15.458015267175574	9.541984732824428	15.458015267175574	21.374045801526716	8.778625954198473	12.786259541984732	7.633587786259542	12.786259541984732	11.641221374045802	11.83206106870229	15.267175572519085	10.114503816793894
gc19_pc.3utr::gencode::KLHL21::ENSG00000162413.12	0	0.634758	0.410289	3.880111524163569	3.276022304832714	0.929368029739777	2.62546468401487	1.4637546468401488	1.5566914498141264	2.62546468401487	1.5102230483271375	5.390334572490707	5.669144981412639	1.0687732342007434	6.064126394052045	1.6031598513011152	4.693308550185874	7.132899628252789	3.4851301115241635	4.158921933085502	4.902416356877323	1.20817843866171	4.437732342007434	1.812267657992565	2.8810408921933086	4.135687732342007	1.9052044609665426	3.020446096654275	4.344795539033457	0.5576208178438662	3.787174721189591	1.7657992565055762	2.578996282527881	2.5557620817843865	2.973977695167286	6.644981412639406	11.71003717472119	16.449814126394052	9.874535315985131	16.449814126394052	18.192379182156134	3.763940520446097	16.91449814126394	7.156133828996282	16.91449814126394	10.734200743494423	10.71096654275093	14.70724907063197	11.71003717472119
gc19_pc.3utr::gencode::LRRC47::ENSG00000130764.5	0	0.22235	0.38119	5.184331797235023	2.4193548387096775	2.4193548387096775	3.4562211981566824	1.497695852534562	3.8018433179723505	3.571428571428571	2.880184331797235	4.493087557603687	2.7649769585253456	1.3824884792626728	2.6497695852534564	1.497695852534562	2.995391705069124	5.875576036866359	1.9585253456221197	2.995391705069124	3.110599078341014	1.6129032258064515	2.880184331797235	2.7649769585253456	2.7649769585253456	4.377880184331797	3.4562211981566824	4.377880184331797	2.995391705069124	1.3824884792626728	3.3410138248847927	2.5345622119815667	2.5345622119815667	3.225806451612903	6.797235023041474	8.294930875576037	12.096774193548388	17.050691244239633	15.092165898617512	17.050691244239633	11.29032258064516	6.797235023041474	12.327188940092165	11.751152073732719	12.327188940092165	13.36405529953917	13.47926267281106	10.599078341013826	12.096774193548388
gc19_pc.3utr::gencode::MEGF6::ENSG00000162591.11	0	0	0.49358	2.302631578947368	3.289473684210526	0.8223684210526315	2.138157894736842	0.6578947368421052	0.8223684210526315	1.4802631578947367	0.6578947368421052	6.743421052631579	6.0855263157894735	2.138157894736842	8.223684210526317	0.8223684210526315	5.427631578947369	9.210526315789473	2.631578947368421	4.605263157894736	8.552631578947368	2.7960526315789473	5.098684210526316	1.644736842105263	2.4671052631578947	3.618421052631579	0.9868421052631579	2.138157894736842	5.427631578947369	0.4934210526315789	2.631578947368421	0.8223684210526315	1.9736842105263157	1.4802631578947367	1.8092105263157896	3.9473684210526314	10.69078947368421	15.789473684210526	6.0855263157894735	15.789473684210526	23.355263157894736	6.25	18.092105263157894	3.618421052631579	18.092105263157894	8.717105263157894	8.552631578947368	21.052631578947366	10.69078947368421
gc19_pc.3utr::gencode::MIB2::ENSG00000197530.8	0.9375	1	0.879504	2.5	0.0	5.0	0.0	2.5	1.25	0.0	1.25	0.0	6.25	8.75	2.5	0.0	2.5	2.5	3.75	3.75	8.75	12.5	3.75	0.0	2.5	2.5	2.5	0.0	2.5	3.75	3.75	2.5	3.75	1.25	7.5	5.0	10.0	6.25	15.0	6.25	17.5	30.0	10.0	5.0	8.75	7.5	7.5	28.749999999999996	10.0
gc19_pc.3utr::gencode::MMEL1::ENSG00000142606.11	0	0.475783	0.348653	3.9886039886039883	3.418803418803419	1.1396011396011396	2.564102564102564	0.2849002849002849	1.1396011396011396	1.7094017094017095	1.1396011396011396	4.843304843304843	6.267806267806268	3.7037037037037033	5.413105413105413	1.9943019943019942	3.133903133903134	7.977207977207977	2.849002849002849	6.267806267806268	7.6923076923076925	3.9886039886039883	5.128205128205128	2.2792022792022792	3.133903133903134	5.128205128205128	0.5698005698005698	2.2792022792022792	2.849002849002849	0.8547008547008548	2.849002849002849	0.5698005698005698	1.4245014245014245	2.564102564102564	0.8547008547008548	5.128205128205128	8.831908831908832	17.37891737891738	5.413105413105413	17.37891737891738	20.22792022792023	9.686609686609685	15.954415954415953	4.273504273504273	15.954415954415953	11.11111111111111	11.11111111111111	23.076923076923077	8.831908831908832
gc19_pc.3utr::gencode::MMP23B::ENSG00000189409.8	0	1	0.49358	0.0	0.0	0.0	3.4482758620689653	3.4482758620689653	6.896551724137931	0.0	0.0	0.0	3.4482758620689653	6.896551724137931	0.0	0.0	6.896551724137931	6.896551724137931	6.896551724137931	3.4482758620689653	6.896551724137931	0.0	10.344827586206897	0.0	0.0	3.4482758620689653	0.0	6.896551724137931	0.0	0.0	10.344827586206897	3.4482758620689653	3.4482758620689653	0.0	6.896551724137931	6.896551724137931	17.24137931034483	10.344827586206897	13.793103448275861	10.344827586206897	10.344827586206897	6.896551724137931	24.137931034482758	10.344827586206897	20.689655172413794	3.4482758620689653	3.4482758620689653	20.689655172413794	17.24137931034483
gc19_pc.3utr::gencode::MORN1::ENSG00000116151.9	0	0.507937	0.293204	2.1645021645021645	2.1645021645021645	1.875901875901876	2.1645021645021645	2.4531024531024532	1.5873015873015872	3.1746031746031744	2.3088023088023086	4.040404040404041	4.329004329004329	3.318903318903319	4.617604617604617	1.875901875901876	4.761904761904762	5.194805194805195	3.463203463203463	4.329004329004329	6.349206349206349	2.3088023088023086	4.184704184704184	0.7215007215007215	2.4531024531024532	3.751803751803752	1.7316017316017316	3.751803751803752	3.463203463203463	0.8658008658008658	4.473304473304474	1.5873015873015872	3.751803751803752	2.1645021645021645	4.617604617604617	6.637806637806638	12.554112554112553	14.285714285714285	12.121212121212121	14.285714285714285	16.305916305916305	8.369408369408369	15.44011544011544	9.523809523809524	15.295815295815295	8.658008658008658	8.369408369408369	17.17171717171717	12.554112554112553
gc19_pc.3utr::gencode::MRPL20::ENSG00000242485.1	0.0358973	0.114872	0.232709	4.615384615384616	3.4871794871794872	0.8205128205128205	3.076923076923077	1.3333333333333335	2.1538461538461537	2.4615384615384617	2.4615384615384617	5.230769230769231	4.3076923076923075	1.1282051282051282	5.435897435897436	2.564102564102564	4.82051282051282	6.9743589743589745	1.948717948717949	3.3846153846153846	4.102564102564102	0.717948717948718	4.205128205128205	1.435897435897436	2.871794871794872	5.0256410256410255	2.4615384615384617	4.205128205128205	4.3076923076923075	0.20512820512820512	3.6923076923076925	1.2307692307692308	2.666666666666667	2.9743589743589745	3.6923076923076925	6.564102564102564	12.512820512820513	17.435897435897434	10.564102564102564	17.435897435897434	16.205128205128204	2.871794871794872	16.41025641025641	8.41025641025641	16.307692307692307	11.794871794871794	12.0	12.41025641025641	12.41025641025641
gc19_pc.3utr::gencode::MXRA8::ENSG00000162576.12	0.108014	0.0894309	0.361462	2.5551684088269457	3.6004645760743323	0.34843205574912894	2.5551684088269457	0.4645760743321719	1.5098722415795587	2.0905923344947737	1.0452961672473868	7.4332171893147505	9.872241579558652	1.2775842044134729	6.852497096399536	1.0452961672473868	5.691056910569105	8.013937282229964	2.3228803716608595	4.529616724738676	6.620209059233449	0.5807200929152149	4.761904761904762	0.8130081300813009	2.5551684088269457	4.413472706155633	1.2775842044134729	2.5551684088269457	5.45876887340302	0.5807200929152149	2.7874564459930316	0.23228803716608595	1.6260162601626018	2.671312427409988	1.8583042973286876	2.5551684088269457	11.38211382113821	17.18931475029036	6.504065040650407	17.073170731707318	25.551684088269454	2.7874564459930316	16.957026713124275	5.1103368176538915	17.073170731707318	9.059233449477352	9.059233449477352	16.492450638792103	11.38211382113821
gc19_pc.3utr::gencode::NADK::ENSG00000008130.11	0	1.08985	0.351931	3.24459234608985	2.246256239600666	1.3311148086522462	2.7454242928452577	1.1647254575707155	2.329450915141431	2.4958402662229617	2.6622296173044924	3.577371048252912	4.825291181364393	2.0798668885191347	4.9916805324459235	1.0815307820299502	4.242928452579035	6.322795341098169	3.743760399334443	3.743760399334443	3.9101497504159735	2.4126455906821964	3.743760399334443	1.1647254575707155	3.4109816971713807	2.9118136439267883	2.0798668885191347	3.743760399334443	4.575707154742097	1.2479201331114809	3.9933444259567388	2.0798668885191347	3.6605657237936775	2.579034941763727	5.657237936772046	5.490848585690515	13.643926788685523	14.309484193011649	14.143094841930118	14.309484193011649	15.557404326123129	7.071547420965059	15.474209650582363	8.652246256239602	15.391014975041598	9.56738768718802	9.56738768718802	13.810316139767053	13.560732113144757
gc19_pc.3utr::gencode::NOC2L::ENSG00000188976.6	0	0.993878	0.374814	2.6530612244897958	2.6530612244897958	1.6326530612244898	2.0408163265306123	1.0204081632653061	0.8163265306122449	1.4285714285714286	2.0408163265306123	5.714285714285714	7.551020408163265	2.0408163265306123	5.3061224489795915	0.8163265306122449	3.061224489795918	8.775510204081632	2.857142857142857	4.285714285714286	6.938775510204081	0.8163265306122449	5.1020408163265305	0.6122448979591837	3.4693877551020407	3.2653061224489797	1.6326530612244898	2.857142857142857	3.4693877551020407	1.2244897959183674	3.2653061224489797	1.2244897959183674	3.2653061224489797	2.0408163265306123	6.122448979591836	3.6734693877551026	10.612244897959183	15.510204081632653	12.653061224489795	15.510204081632653	20.612244897959183	5.714285714285714	15.714285714285714	5.3061224489795915	15.510204081632653	8.979591836734693	8.979591836734693	17.142857142857142	10.816326530612246
gc19_pc.3utr::gencode::NOL9::ENSG00000162408.10	0.0506217	0.0668295	0.294157	3.463587921847247	2.9973357015985793	0.6660746003552398	3.0639431616341026	2.1314387211367674	2.420071047957371	2.708703374777975	3.174955595026643	4.7957371225577266	2.730905861456483	1.2211367673179396	4.618117229129663	2.3534635879218473	4.0630550621669625	5.284191829484902	3.774422735346359	2.886323268206039	4.218472468916518	1.1767317939609236	3.9742451154529306	2.153641207815275	2.109236234458259	3.352575488454707	2.575488454706927	3.5523978685612785	3.4191829484902305	0.7770870337477798	3.818827708703375	3.0861456483126113	3.041740674955595	3.396980461811723	6.9937833037300186	9.7246891651865	11.63410301953819	14.742451154529308	16.518650088809945	14.698046181172291	13.36589698046181	3.841030195381883	15.47513321492007	10.435168738898756	15.47513321492007	10.190941385435169	10.190941385435169	12.25577264653641	11.567495559502666
gc19_pc.3utr::gencode::NPHP4::ENSG00000131697.13	0	0.004474	0.445912	3.5794183445190155	3.3557046979865772	1.342281879194631	1.7897091722595078	3.5794183445190155	1.7897091722595078	2.9082774049217	3.803131991051454	4.026845637583892	3.5794183445190155	1.1185682326621924	4.47427293064877	1.5659955257270695	3.131991051454139	7.38255033557047	2.013422818791946	5.592841163310962	3.5794183445190155	2.013422818791946	5.369127516778524	2.237136465324385	2.237136465324385	3.3557046979865772	2.237136465324385	3.131991051454139	2.684563758389262	0.8948545861297539	2.684563758389262	3.131991051454139	2.237136465324385	2.684563758389262	6.487695749440715	10.51454138702461	9.395973154362416	16.331096196868007	14.541387024608502	16.331096196868007	13.19910514541387	5.369127516778524	14.317673378076062	12.080536912751679	14.093959731543624	10.06711409395973	10.06711409395973	16.55480984340045	9.395973154362416
gc19_pc.3utr::gencode::OR4F16::ENSG00000185097.2	0	0	0.49358																																	0.0	0.0	0.0	0.0	0.0	0.0	0.0	0.0	0.0	0.0	0.0	0.0	0.0	0.0
gc19_pc.3utr::gencode::OR4F29::ENSG00000235249.1	0	0	0.49358																																	0.0	0.0	0.0	0.0	0.0	0.0	0.0	0.0	0.0	0.0	0.0	0.0	0.0	0.0
gc19_pc.3utr::gencode::PANK4::ENSG00000157881.9	0	0.738854	0.49358	4.140127388535031	2.8662420382165608	3.821656050955414	1.910828025477707	9.235668789808917	1.5923566878980893	1.910828025477707	2.547770700636943	2.8662420382165608	2.229299363057325	2.547770700636943	2.547770700636943	1.5923566878980893	2.547770700636943	5.7324840764331215	2.229299363057325	4.777070063694268	2.547770700636943	3.5031847133757963	3.1847133757961785	2.229299363057325	3.5031847133757963	4.45859872611465	2.547770700636943	2.547770700636943	2.229299363057325	0.3184713375796179	4.777070063694268	2.8662420382165608	2.229299363057325	2.229299363057325	5.7324840764331215	15.92356687898089	9.872611464968154	14.331210191082802	13.05732484076433	14.331210191082802	9.872611464968154	10.191082802547772	12.420382165605096	15.286624203821656	12.101910828025478	12.738853503184714	12.738853503184714	14.012738853503185	9.872611464968154
gc19_pc.3utr::gencode::PEX10::ENSG00000157911.5	0	0.214654	0.426827	3.0959752321981426	3.199174406604747	1.8575851393188854	2.683178534571723	1.1351909184726523	1.238390092879257	2.063983488132095	2.1671826625387	4.8503611971104235	6.707946336429309	2.063983488132095	4.643962848297214	1.5479876160990713	4.12796697626419	6.707946336429309	2.786377708978328	3.4055727554179565	5.263157894736842	2.2703818369453046	3.7151702786377707	1.3415892672858616	2.3735810113519094	3.7151702786377707	3.4055727554179565	3.4055727554179565	3.0959752321981426	0.8255933952528379	4.12796697626419	2.3735810113519094	3.7151702786377707	2.2703818369453046	3.8183694530443755	6.398348813209494	11.455108359133128	14.75748194014448	12.177502579979361	14.75748194014448	18.26625386996904	7.017543859649122	15.170278637770899	6.604747162022703	15.170278637770899	10.8359133126935	10.8359133126935	14.654282765737875	11.455108359133128
gc19_pc.3utr::gencode::PHF13::ENSG00000116273.5	0	0.0659428	0.391498	3.8397328881469113	3.005008347245409	1.0851419031719534	2.7963272120200333	1.4607679465776295	1.7111853088480802	2.4207011686143574	2.5041736227045077	4.716193656093489	4.173622704507513	1.3772954924874792	4.340567612687813	1.7529215358931551	3.631051752921536	5.550918196994992	4.173622704507513	3.589315525876461	4.090150250417363	1.1268781302170283	4.215358931552587	1.5025041736227045	1.7946577629382305	3.8397328881469113	3.589315525876461	3.213689482470785	3.33889816360601	1.001669449081803	3.7562604340567614	2.5459098497495827	4.173622704507513	3.5475792988313852	6.135225375626043	7.262103505843072	11.31051752921536	15.358931552587645	16.402337228714526	15.358931552587645	14.607679465776293	4.590984974958263	15.108514190317196	8.096828046744573	15.108514190317196	10.726210350584306	10.726210350584306	13.02170283806344	11.31051752921536
gc19_pc.3utr::gencode::PLCH2::ENSG00000149527.13	0	1	0.346233	3.577512776831346	2.555366269165247	1.192504258943782	1.5332197614991483	1.0221465076660987	1.0221465076660987	0.6814310051107325	1.0221465076660987	4.599659284497445	11.584327086882453	4.258943781942079	6.814310051107325	0.6814310051107325	5.9625212947189095	6.984667802385008	1.5332197614991483	3.9182282793867125	8.17717206132879	2.0442930153321974	3.9182282793867125	0.8517887563884157	2.0442930153321974	4.088586030664395	1.7035775127768313	1.0221465076660987	4.940374787052811	1.362862010221465	3.2367972742759794	1.5332197614991483	1.5332197614991483	1.192504258943782	3.4071550255536627	4.088586030664395	10.562180579216355	12.947189097103918	7.666098807495741	13.1175468483816	27.2572402044293	8.858603066439523	15.502555366269167	3.747870528109029	15.1618398637138	8.68824531516184	8.858603066439523	18.05792163543441	10.562180579216355
gc19_pc.3utr::gencode::PLEKHG5::ENSG00000171680.16	0.184018	0.389296	0.451714	1.7595307917888565	3.44574780058651	0.9530791788856305	3.6656891495601176	0.8064516129032258	1.1730205278592376	1.6862170087976538	1.1730205278592376	6.158357771260997	8.211143695014663	3.005865102639296	5.571847507331378	1.9794721407624634	5.058651026392962	6.085043988269795	3.005865102639296	3.9589442815249267	7.258064516129033	2.126099706744868	3.8856304985337244	1.6129032258064515	2.4193548387096775	4.178885630498534	1.6129032258064515	2.4193548387096775	4.032258064516129	1.5395894428152492	3.0791788856304985	0.8797653958944283	2.565982404692082	2.346041055718475	2.346041055718475	5.278592375366569	11.217008797653959	14.296187683284458	8.13782991202346	14.296187683284458	22.947214076246333	7.624633431085044	16.20234604105572	4.838709677419355	16.129032258064516	9.824046920821115	9.824046920821115	17.228739002932553	11.070381231671554
gc19_pc.3utr::gencode::PLEKHN1::ENSG00000187583.6	0	0.845815	0.49358	2.643171806167401	4.992657856093979	1.3215859030837005	2.2026431718061676	0.4405286343612335	0.7342143906020557	1.3215859030837005	0.7342143906020557	4.992657856093979	8.370044052863436	2.3494860499265786	7.488986784140969	0.4405286343612335	6.4610866372980915	7.195301027900147	2.643171806167401	3.524229074889868	4.698972099853157	1.908957415565345	3.9647577092511015	0.7342143906020557	4.258443465491924	4.698972099853157	1.4684287812041115	4.258443465491924	4.992657856093979	1.1747430249632893	2.936857562408223	0.7342143906020557	2.0558002936857562	2.2026431718061676	2.0558002936857562	2.3494860499265786	13.509544787077827	15.418502202643172	6.901615271659324	15.418502202643172	23.05433186490455	6.7547723935389135	16.593245227606463	3.2305433186490458	16.740088105726873	11.16005873715125	11.16005873715125	14.096916299559473	13.362701908957417
gc19_pc.3utr::gencode::PRDM16::ENSG00000142611.12	0	0.301332	0.450011	3.557940767243093	2.4050884516000797	2.047306698469489	2.0274299344066784	2.226197575034784	2.0274299344066784	2.564102564102564	3.597694295368714	4.730669846948916	5.784138342277878	2.1665672828463527	4.2138739813158415	1.0534684953289604	3.418803418803419	5.18783542039356	3.359173126614987	3.597694295368714	4.531902206320812	1.828662293778573	3.0013913734843967	1.1727290797058239	3.0013913734843967	3.836215464122441	2.0274299344066784	2.802623732856291	4.174120453190221	1.1528523156430133	3.776585171934009	2.42496521566289	3.4585569469290403	3.10077519379845	5.744384814152256	6.877360365732459	11.906181673623534	14.688928642417014	14.728682170542637	14.688928642417014	16.89524945338899	7.195388590737428	13.019280461140925	10.415424368912742	13.019280461140925	10.03776585171934	10.03776585171934	12.959650168952495	11.906181673623534
gc19_pc.3utr::gencode::PRKCZ::ENSG00000067606.11	0	0	0.656683	2.9850746268656714	2.2388059701492535	3.731343283582089	1.1194029850746268	1.1194029850746268	1.4925373134328357	1.4925373134328357	0.3731343283582089	3.3582089552238807	6.343283582089552	5.597014925373134	5.223880597014925	0.0	3.3582089552238807	7.835820895522389	2.2388059701492535	6.343283582089552	7.462686567164178	7.835820895522389	5.223880597014925	0.3731343283582089	4.104477611940299	3.731343283582089	1.4925373134328357	1.4925373134328357	4.477611940298507	2.2388059701492535	2.2388059701492535	1.4925373134328357	1.4925373134328357	1.1194029850746268	0.3731343283582089	2.9850746268656714	10.44776119402985	14.17910447761194	4.477611940298507	14.17910447761194	20.522388059701495	19.402985074626866	13.805970149253731	4.477611940298507	13.432835820895523	9.701492537313433	10.074626865671641	26.865671641791046	10.44776119402985
gc19_pc.3utr::gencode::PUSL1::ENSG00000169972.7	0	0	0.219913	5.033557046979865	4.026845637583892	0.33557046979865773	3.691275167785235	0.33557046979865773	0.6711409395973155	1.342281879194631	0.33557046979865773	7.38255033557047	6.0402684563758395	1.342281879194631	5.704697986577181	2.013422818791946	2.348993288590604	9.731543624161073	3.691275167785235	5.033557046979865	6.375838926174497	0.33557046979865773	5.033557046979865	2.348993288590604	4.026845637583892	4.697986577181208	1.6778523489932886	1.342281879194631	4.026845637583892	0.0	3.0201342281879198	1.342281879194631	1.342281879194631	3.0201342281879198	2.348993288590604	6.0402684563758395	8.389261744966444	18.79194630872483	8.053691275167784	18.79194630872483	20.469798657718123	2.013422818791946	17.449664429530202	2.684563758389262	17.78523489932886	12.751677852348994	13.087248322147651	16.778523489932887	8.389261744966444
gc19_pc.3utr::gencode::RER1::ENSG00000157916.14	0	0.264224	0.494587	3.4482758620689653	2.71551724137931	1.767241379310345	2.8879310344827585	1.4655172413793103	1.7241379310344827	2.586206896551724	2.6293103448275863	4.396551724137931	4.655172413793104	2.1982758620689653	4.3534482758620685	1.293103448275862	4.051724137931034	5.689655172413794	3.318965517241379	3.620689655172414	4.913793103448276	2.2844827586206895	3.6637931034482754	1.3362068965517242	2.543103448275862	4.051724137931034	2.8879310344827585	3.6637931034482754	3.318965517241379	1.163793103448276	3.4482758620689653	2.71551724137931	3.318965517241379	2.8017241379310347	5.086206896551724	6.810344827586206	11.637931034482758	15.129310344827587	13.922413793103447	15.129310344827587	15.60344827586207	7.413793103448276	14.353448275862068	8.405172413793103	14.353448275862068	10.818965517241379	10.818965517241379	14.482758620689657	11.594827586206897
gc19_pc.3utr::gencode::RNF207::ENSG00000158286.8	0	0.197674	0.381041	3.7526427061310783	3.06553911205074	1.1099365750528543	3.276955602536998	1.3742071881606766	2.2198731501057085	2.6955602536997887	3.646934460887949	4.809725158562368	3.4355179704016914	1.3213530655391121	4.439746300211417	1.6913319238900635	3.9112050739957716	5.496828752642706	3.1183932346723044	3.488372093023256	3.8054968287526427	1.1099365750528543	3.382663847780127	1.9556025369978858	2.00845665961945	4.0169133192389	3.2241014799154333	3.646934460887949	3.699788583509514	0.7928118393234672	3.06553911205074	3.4355179704016914	3.06553911205074	3.488372093023256	6.4482029598308666	8.456659619450317	11.20507399577167	15.69767441860465	16.437632135306554	15.69767441860465	14.006342494714588	4.334038054968287	14.16490486257928	9.936575052854122	14.217758985200845	11.20507399577167	11.20507399577167	11.78646934460888	11.20507399577167
gc19_pc.3utr::gencode::RNF223::ENSG00000237330.2	0	0.266745	0.277196	2.7027027027027026	4.230317273795535	0.8225616921269095	2.1151586368977675	0.4700352526439483	1.527614571092832	2.1151586368977675	1.762632197414806	6.815511163337249	8.46063454759107	1.9976498237367801	5.64042303172738	0.7050528789659225	4.935370152761457	6.345475910693302	3.055229142185664	3.7602820211515864	5.7579318448883665	1.2925969447708578	4.230317273795535	1.1750881316098707	2.82021151586369	4.3478260869565215	1.527614571092832	2.5851938895417157	4.582843713278495	1.0575793184488838	3.055229142185664	1.1750881316098707	2.1151586368977675	3.055229142185664	3.7602820211515864	3.525264394829612	11.398354876615747	15.863689776733256	10.105757931844888	15.863689776733256	23.031727379553466	5.170387779083431	15.041128084606346	5.875440658049354	15.041128084606346	9.870740305522913	9.870740305522913	15.041128084606346	11.28084606345476
gc19_pc.3utr::gencode::RP4-758J18.2::ENSG00000224870.3	0	0	0.711427	3.9067422810333965	3.465658475110271	0.8821676118462508	3.1505986137366095	0.6931316950220542	1.5122873345935728	2.6465028355387523	1.1972274732199117	5.293005671077505	6.364209199747953	1.260239445494644	5.797101449275362	1.1972274732199117	4.158790170132325	7.813484562066793	2.898550724637681	5.16698172652804	4.977945809703844	1.260239445494644	4.3478260869565215	1.1342155009451798	2.9615626969124134	4.977945809703844	2.4574669187145557	3.843730308758664	3.9067422810333965	0.630119722747322	2.835538752362949	1.1342155009451798	2.6465028355387523	2.7725267800882167	2.7095148078134845	4.158790170132325	11.279143037177064	18.210459987397606	9.262759924385634	18.210459987397606	18.714555765595463	4.0327662255828605	16.131064902331442	6.049149338374291	16.068052930056712	11.531190926275993	11.405166981726527	15.752993068683049	11.216131064902331
gc19_pc.3utr::gencode::RPL22::ENSG00000116251.5	0.331713	0	0.319741	3.889789303079417	2.1609940572663424	0.864397622906537	3.727714748784441	1.4586709886547813	1.89086980010805	3.2414910858995136	5.078336034575905	3.9978390059427333	3.1874662344678555	0.6482982171799028	2.863317125877904	1.9448946515397085	3.2414910858995136	4.213938411669368	4.430037817396002	3.565640194489465	2.485143165856294	0.5402485143165856	2.485143165856294	1.9448946515397085	2.0529443544030253	3.1874662344678555	3.457590491626148	3.835764451647758	2.8092922744462454	0.7563479200432199	4.7541869259859535	3.2955159373311727	4.970286331712588	4.646137223122636	8.373851971907078	8.64397622906537	12.155591572123177	15.289032955159373	21.339816315505132	15.289032955159373	10.642895732036736	2.8092922744462454	13.830361966504592	11.66936790923825	13.830361966504592	10.642895732036736	10.642895732036736	9.076175040518638	12.155591572123177
gc19_pc.3utr::gencode::SAMD11::ENSG00000187634.6	0	0.874408	0.397047	2.6066350710900474	3.5545023696682465	1.4218009478672986	1.6587677725118484	1.1848341232227488	0.9478672985781991	1.4218009478672986	2.6066350710900474	5.687203791469194	7.345971563981042	2.132701421800948	4.739336492890995	0.23696682464454977	3.5545023696682465	7.345971563981042	3.3175355450236967	3.7914691943127963	5.450236966824645	0.7109004739336493	5.213270142180095	0.47393364928909953	3.3175355450236967	3.7914691943127963	1.6587677725118484	3.080568720379147	3.5545023696682465	1.4218009478672986	3.080568720379147	1.4218009478672986	3.5545023696682465	2.6066350710900474	7.109004739336493	3.3175355450236967	11.374407582938389	15.165876777251185	14.691943127962084	15.165876777251185	19.90521327014218	5.687203791469194	14.691943127962084	6.161137440758294	14.454976303317535	9.24170616113744	9.24170616113744	15.165876777251185	11.137440758293838
gc19_pc.3utr::gencode::SCNN1D::ENSG00000162572.15	0.682578	1	0.114464	5.011933174224343	4.05727923627685	3.1026252983293556	0.9546539379474941	0.23866348448687352	0.9546539379474941	1.9093078758949882	0.23866348448687352	5.727923627684964	6.205250596658711	3.579952267303103	5.727923627684964	0.7159904534606205	3.1026252983293556	8.353221957040573	2.1479713603818613	6.921241050119331	7.637231503579953	2.863961813842482	5.011933174224343	1.1933174224343674	3.579952267303103	7.398568019093078	0.9546539379474941	1.9093078758949882	3.1026252983293556	0.9546539379474941	2.6252983293556085	0.23866348448687352	0.9546539379474941	1.9093078758949882	0.7159904534606205	2.386634844868735	8.591885441527445	19.570405727923628	4.05727923627685	19.570405727923628	21.002386634844868	10.501193317422434	14.319809069212411	3.341288782816229	14.319809069212411	13.126491646778044	13.126491646778044	22.434367541766107	8.591885441527445
gc19_pc.3utr::gencode::SDF4::ENSG00000078808.12	0	0.876872	0.450323	1.8302828618968388	2.828618968386023	1.6638935108153077	1.8302828618968388	1.3311148086522462	1.3311148086522462	1.497504159733777	2.329450915141431	3.494176372712146	7.9866888519134775	8.153078202995008	3.494176372712146	0.49916805324459235	3.6605657237936775	4.326123128119801	2.1630615640599005	2.329450915141431	8.48585690515807	7.321131447587355	3.826955074875208	0.49916805324459235	2.6622296173044924	3.3277870216306153	1.6638935108153077	2.995008319467554	3.826955074875208	2.329450915141431	1.8302828618968388	1.3311148086522462	3.3277870216306153	1.497504159733777	4.326123128119801	3.6605657237936775	10.98169717138103	10.64891846921797	10.482529118136439	10.64891846921797	23.128119800332776	19.467554076539102	10.98169717138103	6.4891846921797	10.64891846921797	8.153078202995008	8.153078202995008	21.96339434276206	10.98169717138103
gc19_pc.3utr::gencode::SKI::ENSG00000157933.9	0.0346818	0.427425	0.209303	3.4682080924855487	2.825947334617855	2.023121387283237	2.5048169556840074	1.7662170841361593	1.4129736673089275	2.151573538856776	2.440590879897238	3.339755940912011	5.716120745022479	2.8901734104046244	3.6287732819524727	1.1881824020552343	3.4039820166987798	5.491329479768786	3.692999357739242	4.399486191393706	4.014129736673089	2.3442517662170843	4.014129736673089	1.8946692357096981	2.440590879897238	3.5324341682723186	2.954399486191394	2.7617212588310855	3.0186255619781632	1.477199743095697	3.5645472061657033	2.6653821451509314	3.5966602440590876	2.7938342967244703	6.583172768143866	7.514450867052023	10.854206807964033	13.96917148362235	15.67116249197174	13.96917148362235	15.574823378291585	8.734746307000641	13.712267180475274	7.771355170199101	13.776493256262043	10.822093770070648	10.822093770070648	14.771997430956969	10.822093770070648
gc19_pc.3utr::gencode::SLC35E2::ENSG00000215790.2	0	0.0917683	0.448837	2.564102564102564	2.699055330634278	0.9446693657219973	3.508771929824561	2.1592442645074224	1.8893387314439947	2.968960863697706	4.048582995951417	4.588394062078273	2.42914979757085	1.8893387314439947	4.048582995951417	1.349527665317139	4.8582995951417	4.183535762483131	3.3738191632928474	3.1039136302294197	3.508771929824561	1.6194331983805668	2.834008097165992	1.214574898785425	2.2941970310391366	3.7786774628879893	2.42914979757085	3.913630229419703	4.183535762483131	1.214574898785425	3.3738191632928474	2.564102564102564	3.643724696356275	3.3738191632928474	9.446693657219974	7.28744939271255	12.685560053981106	14.304993252361673	19.298245614035086	14.17004048582996	12.82051282051282	5.668016194331984	13.765182186234817	11.06612685560054	13.765182186234817	9.7165991902834	9.7165991902834	11.06612685560054	12.685560053981106
gc19_pc.3utr::gencode::SLC35E2B::ENSG00000189339.7	0.0240934	0.193492	0.487993	3.8002980625931446	2.7819175360158965	1.4903129657228018	2.6328862394436165	1.4903129657228018	2.011922503725782	2.6577247888723297	2.5086934923000497	5.067064083457526	4.023845007451564	1.564828614008942	4.818678589170392	1.5896671634376554	4.470938897168406	6.085444610034774	3.1048186785891705	3.4525583705911576	4.545454545454546	1.1177347242921014	4.148037754595132	1.5896671634376554	2.384500745156483	3.9244908097367115	2.8564331843020367	3.4028812717337305	4.123199205166419	1.092896174863388	3.6761053154495777	1.9374068554396422	3.427719821162444	3.1048186785891705	5.116741182314953	6.607054148037754	12.295081967213115	15.772478887232985	13.58668653750621	15.722801788375559	15.474416294088424	5.265772478887233	15.27570789865872	8.668653750620964	15.250869349230006	10.755091902632886	10.70541480377546	13.263785394932937	12.295081967213115
gc19_pc.3utr::gencode::SMIM1::ENSG00000235169.3	0.454545	1	0.235453	2.066115702479339	3.3057851239669422	2.066115702479339	0.0	0.4132231404958678	0.8264462809917356	2.479338842975207	0.4132231404958678	7.024793388429752	9.50413223140496	3.3057851239669422	6.198347107438017	1.2396694214876034	5.371900826446281	8.677685950413224	1.2396694214876034	6.198347107438017	9.917355371900827	2.8925619834710745	7.43801652892562	0.4132231404958678	1.6528925619834711	4.545454545454546	1.2396694214876034	1.6528925619834711	3.71900826446281	0.0	2.8925619834710745	0.4132231404958678	0.8264462809917356	1.2396694214876034	0.8264462809917356	2.479338842975207	8.677685950413224	16.94214876033058	3.71900826446281	16.94214876033058	26.446280991735538	8.264462809917356	16.528925619834713	4.132231404958678	16.528925619834713	7.851239669421488	7.43801652892562	26.446280991735538	8.264462809917356
gc19_pc.3utr::gencode::SSU72::ENSG00000160075.10	0	0.152208	0.342138	3.4856700232378004	3.13710302091402	1.6653756777691713	2.478698683191325	1.471727343144849	2.168861347792409	3.098373353989156	2.2850503485670024	4.918667699457785	4.260263361735089	1.7428350116189002	4.763749031758327	1.7815646785437647	4.376452362509682	5.770720371804802	3.3307513555383426	3.9504260263361735	4.337722695584818	1.7041053446940357	3.7955073586367156	1.471727343144849	2.827265685515105	4.182804027885361	2.2463206816421377	3.253292021688613	3.9504260263361735	0.8520526723470179	4.2215336948102244	2.3237800154918666	2.943454686289698	2.5948876839659176	4.6088303640588695	7.048799380325329	12.316034082106894	15.646785437645235	12.470952749806353	15.608055770720371	15.685515104570099	5.964368706429124	15.259488768396592	9.024012393493416	15.259488768396592	10.728117738187452	10.766847405112316	13.787761425251743	12.277304415182028
gc19_pc.3utr::gencode::TAS1R1::ENSG00000173662.15	0.17341	1	6.58672	1.1560693641618496	5.202312138728324	2.312138728323699	1.1560693641618496	1.1560693641618496	0.5780346820809248	1.1560693641618496	1.1560693641618496	5.202312138728324	7.514450867052023	4.624277456647398	5.780346820809249	1.1560693641618496	4.046242774566474	6.9364161849710975	3.4682080924855487	4.624277456647398	7.514450867052023	2.8901734104046244	4.624277456647398	1.1560693641618496	4.624277456647398	2.8901734104046244	0.5780346820809248	1.7341040462427744	2.8901734104046244	2.8901734104046244	4.046242774566474	1.1560693641618496	2.312138728323699	1.7341040462427744	1.7341040462427744	4.624277456647398	11.560693641618498	12.716763005780345	6.9364161849710975	12.716763005780345	23.121387283236995	12.716763005780345	15.606936416184972	4.046242774566474	15.606936416184972	9.248554913294797	9.826589595375722	19.653179190751445	11.560693641618498
gc19_pc.3utr::gencode::TAS1R3::ENSG00000169962.4	0.210214	1	0.595825	3.44418052256532	5.581947743467933	1.0688836104513064	1.3064133016627077	0.35629453681710216	1.4251781472684086	1.9002375296912115	0.5938242280285035	7.600950118764846	10.09501187648456	2.7315914489311166	6.294536817102138	1.4251781472684086	3.5629453681710213	8.907363420427554	1.3064133016627077	3.5629453681710213	7.1258907363420425	1.3064133016627077	4.394299287410926	1.0688836104513064	3.9192399049881232	5.10688836104513	1.187648456057007	2.375296912114014	3.9192399049881232	0.5938242280285035	3.2066508313539197	0.7125890736342043	1.187648456057007	1.0688836104513064	1.66270783847981	3.5629453681710213	10.09501187648456	16.983372921615203	4.750593824228028	16.983372921615203	26.72209026128266	5.7007125890736345	15.201900237529692	4.275534441805226	15.201900237529692	11.282660332541568	11.401425178147269	16.389548693586697	10.09501187648456
gc19_pc.3utr::gencode::TMEM240::ENSG00000205090.4	0	1	0.43325	3.783783783783784	4.324324324324325	1.6216216216216217	2.1621621621621623	1.0810810810810811	0.5405405405405406	0.5405405405405406	0.0	5.405405405405405	10.27027027027027	9.72972972972973	3.2432432432432434	0.0	2.7027027027027026	5.9459459459459465	3.2432432432432434	2.1621621621621623	9.18918918918919	1.6216216216216217	4.324324324324325	2.1621621621621623	4.324324324324325	3.2432432432432434	1.6216216216216217	0.0	4.864864864864865	1.0810810810810811	2.7027027027027026	2.1621621621621623	1.0810810810810811	1.6216216216216217	3.2432432432432434	5.405405405405405	8.64864864864865	11.351351351351353	8.108108108108109	11.351351351351353	28.64864864864865	14.054054054054054	12.432432432432433	2.1621621621621623	11.891891891891893	11.351351351351353	11.891891891891893	17.2972972972973	8.64864864864865
gc19_pc.3utr::gencode::TMEM52::ENSG00000178821.8	0	0	0.25718	2.3972602739726026	3.767123287671233	1.7123287671232876	1.36986301369863	0.684931506849315	0.3424657534246575	1.7123287671232876	1.36986301369863	7.534246575342466	8.21917808219178	2.054794520547945	6.506849315068493	1.7123287671232876	5.136986301369863	6.164383561643835	4.10958904109589	3.0821917808219177	9.246575342465754	0.3424657534246575	5.821917808219178	1.0273972602739725	2.054794520547945	4.4520547945205475	1.7123287671232876	2.054794520547945	3.0821917808219177	0.684931506849315	3.4246575342465753	2.054794520547945	2.054794520547945	2.73972602739726	1.36986301369863	5.47945205479452	9.58904109589041	15.068493150684931	8.561643835616438	15.068493150684931	24.315068493150687	4.794520547945205	17.123287671232877	4.10958904109589	17.123287671232877	9.246575342465754	9.246575342465754	18.493150684931507	9.246575342465754
gc19_pc.3utr::gencode::TNFRSF14::ENSG00000157873.13	0	0	0.543611	3.3625730994152043	2.631578947368421	1.3157894736842104	2.1929824561403506	0.8771929824561403	1.3157894736842104	1.3157894736842104	1.461988304093567	7.309941520467836	7.748538011695906	1.9005847953216373	6.140350877192982	0.5847953216374269	6.286549707602338	8.771929824561402	1.3157894736842104	2.7777777777777777	7.456140350877193	1.9005847953216373	5.116959064327485	0.7309941520467835	2.7777777777777777	4.5321637426900585	1.461988304093567	2.7777777777777777	5.263157894736842	0.7309941520467835	3.654970760233918	0.43859649122807015	2.1929824561403506	1.608187134502924	2.046783625730994	2.631578947368421	12.573099415204677	16.228070175438596	6.286549707602338	16.228070175438596	23.099415204678362	5.847953216374268	17.105263157894736	4.970760233918129	16.95906432748538	9.502923976608187	9.502923976608187	17.251461988304094	12.426900584795321
gc19_pc.3utr::gencode::TNFRSF18::ENSG00000186891.9	0	1	0.346675	6.024096385542169	3.614457831325301	3.614457831325301	3.614457831325301	1.2048192771084338	0.0	0.0	1.2048192771084338	3.614457831325301	8.433734939759036	6.024096385542169	3.614457831325301	0.0	1.2048192771084338	7.228915662650602	2.4096385542168677	7.228915662650602	3.614457831325301	0.0	3.614457831325301	0.0	7.228915662650602	9.63855421686747	1.2048192771084338	2.4096385542168677	7.228915662650602	0.0	0.0	1.2048192771084338	1.2048192771084338	2.4096385542168677	1.2048192771084338	2.4096385542168677	9.63855421686747	19.27710843373494	6.024096385542169	19.27710843373494	22.89156626506024	9.63855421686747	10.843373493975903	2.4096385542168677	10.843373493975903	18.072289156626507	16.867469879518072	14.457831325301203	9.63855421686747
gc19_pc.3utr::gencode::TNFRSF25::ENSG00000215788.5	0	0.684825	0.487763	2.7237354085603114	2.7237354085603114	2.7237354085603114	2.3346303501945527	1.9455252918287937	1.1673151750972763	1.9455252918287937	1.556420233463035	3.8910505836575875	5.058365758754864	3.8910505836575875	3.501945525291829	2.3346303501945527	3.501945525291829	3.501945525291829	4.669260700389105	3.8910505836575875	7.782101167315175	4.669260700389105	4.669260700389105	2.3346303501945527	1.556420233463035	4.280155642023346	2.3346303501945527	1.556420233463035	0.7782101167315175	3.501945525291829	3.501945525291829	2.7237354085603114	3.11284046692607	2.3346303501945527	3.501945525291829	9.33852140077821	9.33852140077821	12.062256809338521	12.062256809338521	12.062256809338521	16.342412451361866	14.785992217898833	14.007782101167315	6.614785992217899	14.007782101167315	10.505836575875486	10.505836575875486	21.011673151750973	9.33852140077821
gc19_pc.3utr::gencode::TNFRSF4::ENSG00000186827.6	0	1	0.411058	0.43668122270742354	4.8034934497816595	2.6200873362445414	0.8733624454148471	1.3100436681222707	0.43668122270742354	2.1834061135371177	0.43668122270742354	6.550218340611353	6.986899563318777	6.550218340611353	6.11353711790393	0.8733624454148471	4.8034934497816595	6.986899563318777	1.3100436681222707	7.423580786026202	10.480349344978166	3.4934497816593884	3.9301310043668125	1.3100436681222707	2.6200873362445414	3.4934497816593884	1.3100436681222707	0.0	3.9301310043668125	1.3100436681222707	3.056768558951965	0.8733624454148471	0.43668122270742354	1.7467248908296942	1.3100436681222707	4.366812227074235	8.296943231441048	14.41048034934498	4.366812227074235	14.41048034934498	26.200873362445414	13.973799126637553	13.973799126637553	4.366812227074235	13.973799126637553	8.73362445414847	8.73362445414847	25.327510917030565	8.296943231441048
gc19_pc.3utr::gencode::TP73::ENSG00000078900.10	0.136131	0.680333	0.594829	3.074951953875721	2.8187059577194105	0.9929532351057014	2.370275464445868	0.7367072389493914	1.4734144778987828	2.0179372197309418	1.345291479820628	5.509288917360666	7.591287636130685	2.0499679692504804	6.021780909673287	1.6015374759769379	4.099935938500961	7.238949391415759	3.459320948110186	4.163997437540039	6.053811659192825	1.7616912235746316	4.86867392696989	1.0890454836643177	2.5944907110826394	3.6835361947469574	1.9218449711723256	2.4023062139654066	4.708520179372197	0.9609224855861628	3.1710442024343375	1.4413837283792441	3.074951953875721	2.210121716848174	3.4913516976297245	4.86867392696989	11.242793081358103	15.150544522741832	10.217809096732863	15.150544522741832	21.172325432415118	5.7655349135169764	16.431774503523382	5.573350416399744	16.399743754003843	9.28891736066624	9.256886611146701	16.848174247277388	11.242793081358103
gc19_pc.3utr::gencode::TPRG1L::ENSG00000158109.10	0	0	0.306402	4.108681245858184	3.0483764082173623	0.7952286282306162	2.8495692511597084	1.656726308813784	2.253147779986746	2.5182239893969514	2.7170311464546058	5.1027170311464545	3.8436050364479786	0.9940357852882704	3.7773359840954273	1.656726308813784	3.5122597746852215	6.229290921139827	4.3737574552683895	4.307488402915839	3.3797216699801194	1.3916500994035785	5.168986083499006	1.9880715705765408	2.4519549370444005	3.90987408880053	2.4519549370444005	2.9158383035122597	3.445990722332671	1.126573889993373	3.8436050364479786	2.650762094102054	3.1146454605699136	3.7773359840954273	4.638833664678596	7.952286282306163	11.332007952286283	16.434724983432737	14.181577203445991	16.434724983432737	13.717693836978132	4.307488402915839	15.63949635520212	9.145129224652088	15.772034459907221	10.801855533465872	10.801855533465872	14.24784625579854	11.332007952286283
gc19_pc.3utr::gencode::TTC34::ENSG00000215912.7	0	0.138889	0.206017	3.508771929824561	2.7777777777777777	0.29239766081871343	2.1929824561403506	1.608187134502924	2.7777777777777777	3.216374269005848	3.8011695906432745	4.678362573099415	4.824561403508771	0.29239766081871343	5.555555555555555	1.3157894736842104	4.678362573099415	5.263157894736842	3.654970760233918	3.8011695906432745	4.093567251461988	0.5847953216374269	2.7777777777777777	0.5847953216374269	2.3391812865497075	4.093567251461988	1.7543859649122806	4.385964912280701	3.654970760233918	0.5847953216374269	4.385964912280701	2.046783625730994	3.216374269005848	3.9473684210526314	7.309941520467836	5.555555555555555	13.011695906432749	16.52046783625731	16.52046783625731	16.374269005847953	15.350877192982457	1.7543859649122806	14.912280701754385	11.403508771929824	14.912280701754385	8.771929824561402	8.771929824561402	11.257309941520468	13.011695906432749
gc19_pc.3utr::gencode::TTLL10::ENSG00000162571.9	0	0	0.438948	3.7037037037037033	2.8395061728395063	1.728395061728395	2.2222222222222223	0.7407407407407408	1.4814814814814816	0.9876543209876543	0.9876543209876543	4.691358024691358	7.654320987654321	3.950617283950617	4.814814814814815	1.2345679012345678	2.9629629629629632	7.28395061728395	3.3333333333333335	4.320987654320987	6.91358024691358	3.580246913580247	5.432098765432099	0.8641975308641975	3.0864197530864197	5.185185185185185	1.3580246913580247	2.5925925925925926	3.8271604938271606	1.1111111111111112	2.345679012345679	1.6049382716049383	2.345679012345679	1.8518518518518516	2.9629629629629632	4.444444444444445	9.876543209876543	15.308641975308642	8.641975308641975	15.308641975308642	21.23456790123457	10.37037037037037	14.814814814814813	4.197530864197531	14.814814814814813	10.493827160493826	10.493827160493826	20.246913580246915	9.876543209876543
gc19_pc.3utr::gencode::UBE2J2::ENSG00000160087.16	0	0.524438	0.486397	2.7928626842513578	3.491078355314197	1.8619084561675718	1.474010861132661	1.1636927851047323	1.008533747090768	1.6291698991466252	1.7843289371605897	4.7323506594259115	6.671838634600466	5.197827773467805	4.809930178432894	1.0861132660977502	3.801396431342126	5.508145849495733	2.948021722265322	3.6462373933281613	7.447633824670287	3.801396431342126	4.189294026377036	1.008533747090768	2.560124127230411	4.189294026377036	1.8619084561675718	2.1722265321955003	3.801396431342126	1.3964313421256789	2.948021722265322	1.7067494181536074	2.8704422032583397	2.017067494181536	4.422032583397983	4.965089216446858	10.240496508921645	13.343677269200931	11.016291698991466	13.343677269200931	21.411947245927077	12.25756400310318	13.421256788207913	5.5857253685027155	13.343677269200931	9.619860356865788	9.619860356865788	19.08456167571761	10.318076027928628
gc19_pc.3utr::gencode::VWA1::ENSG00000179403.10	0.096248	0.61044	0.392815	2.5448613376835234	3.4910277324632957	1.957585644371941	1.9902120717781402	0.3915171288743882	1.1419249592169658	1.598694942903752	1.0440456769983686	5.840130505709625	8.67862969004894	3.2952691680261013	6.101141924959217	0.9461663947797716	5.057096247960848	7.308319738988581	2.4143556280587277	4.600326264274062	7.308319738988581	2.3164763458401305	4.371941272430669	0.5872756933115824	3.197389885807504	5.122349102773247	1.1092985318107667	2.871125611745514	4.437194127243067	1.1419249592169658	3.2952691680261013	0.4241435562805873	2.3491027732463294	1.794453507340946	1.2724306688417617	2.3491027732463294	11.745513866231647	15.823817292006526	5.840130505709625	15.856443719412724	23.915171288743885	8.71125611745514	15.758564437194128	4.176182707993474	15.72593800978793	10.0163132137031	9.983686786296902	18.59706362153344	11.745513866231647
gc19_pc.3utr::gencode::WRAP73::ENSG00000116213.11	0	0.784188	0.324993	4.487179487179487	2.3504273504273505	0.8547008547008548	3.418803418803419	3.418803418803419	1.4957264957264957	1.282051282051282	2.7777777777777777	4.273504273504273	5.3418803418803416	1.0683760683760684	4.273504273504273	2.1367521367521367	3.8461538461538463	8.333333333333332	2.1367521367521367	4.914529914529915	3.632478632478633	0.641025641025641	5.128205128205128	2.1367521367521367	1.9230769230769231	4.700854700854701	2.564102564102564	2.564102564102564	3.632478632478633	0.0	3.632478632478633	2.564102564102564	2.564102564102564	2.1367521367521367	5.769230769230769	10.256410256410255	9.82905982905983	16.45299145299145	13.247863247863249	16.23931623931624	14.957264957264957	2.564102564102564	16.45299145299145	8.974358974358974	16.45299145299145	11.324786324786325	11.11111111111111	14.316239316239315	9.82905982905983
gc19_pc.3utr::gencode::ZBTB48::ENSG00000204859.7	0	1	0.423208	1.4705882352941175	4.411764705882353	2.941176470588235	2.941176470588235	2.941176470588235	0.0	1.4705882352941175	2.941176470588235	13.23529411764706	8.823529411764707	1.4705882352941175	1.4705882352941175	0.0	5.88235294117647	2.941176470588235	2.941176470588235	0.0	10.294117647058822	0.0	2.941176470588235	1.4705882352941175	1.4705882352941175	7.352941176470589	1.4705882352941175	1.4705882352941175	1.4705882352941175	1.4705882352941175	4.411764705882353	1.4705882352941175	1.4705882352941175	4.411764705882353	2.941176470588235	5.88235294117647	8.823529411764707	16.176470588235293	10.294117647058822	16.176470588235293	25.0	5.88235294117647	11.76470588235294	7.352941176470589	11.76470588235294	11.76470588235294	11.76470588235294	13.23529411764706	8.823529411764707
