4	74298683	74298684	SNP	A	G	GAG	DO48759	CTC>C	4	74298200	74298744	enhancers::chr4:74298200-74300400::NA::NA	enhancers::chr4:74298200-74300400::NA::NA::0
4	74762484	74762485	SNP	G	T	GGT	DO45141	ACC>A	4	74762203	74762499	enhancers::chr4:74759200-74763800::NA::NA	enhancers::chr4:74759200-74763800::NA::NA::2
4	74211443	74211444	SNP	A	T	GAA	DO44966	TTC>A	4	74211046	74211582	enhancers::chr4:74209000-74211800::NA::NA	enhancers::chr4:74209000-74211800::NA::NA::1
4	74299104	74299105	SNP	T	C	CTG	DO44966	CTG>C	4	74298973	74299239	enhancers::chr4:74298200-74300400::NA::NA	enhancers::chr4:74298200-74300400::NA::NA::1
4	74399484	74399485	SNP	T	G	CTC	DO45159	CTC>G	4	74399450	74399885	enhancers::chr4:74399200-74402200::NA::NA	enhancers::chr4:74399200-74402200::NA::NA::0
4	74399481	74399482	SNP	C	T	TCT	DO22914	TCT>T	4	74399450	74399885	enhancers::chr4:74399200-74402200::NA::NA	enhancers::chr4:74399200-74402200::NA::NA::0
4	74399707	74399708	SNP	T	G	ATT	DO23517	ATT>G	4	74399450	74399885	enhancers::chr4:74399200-74402200::NA::NA	enhancers::chr4:74399200-74402200::NA::NA::0
4	74761517	74761518	SNP	A	G	AAA	DO23518	TTT>C	4	74761505	74761870	enhancers::chr4:74759200-74763800::NA::NA	enhancers::chr4:74759200-74763800::NA::NA::1
4	74254761	74254763	INS	-	T	CAT	DO48682	other	4	74254640	74254963	enhancers::chr4:74254200-74255400::NA::NA	enhancers::chr4:74254200-74255400::NA::NA::0
4	74267349	74267350	SNP	C	T	CCA	DO23551	CCA>T	4	74267037	74267442	enhancers::chr4:74266800-74268800::NA::NA	enhancers::chr4:74266800-74268800::NA::NA::0
