DO45049	4	52700000	89613619	2	1	1	2
DO48701	4	70241003	86766695	1	1	0	2
DO48703	4	72172228	84967801	2	1	1	2
DO45269	4	65371028	112630360	2	1	1	2
DO44885	4	52700000	119555050	2	1	1	3
DO48704	4	52700000	99838830	2	1	1	3
DO45273	4	52700000	93325774	2	1	1	2
DO45051	4	68443687	74910007	3	2	1	2
DO48706	4	52700000	86407690	2	1	1	3
DO48709	4	61175805	102306049	3	2	1	2
DO45277	4	65752993	79995691	1	1	0	2
DO48712	4	52700000	161893588	3	2	1	2
DO22935	4	52700000	191154275	2	1	1	3
DO48715	4	52700000	74280989	2	1	1	3
DO48715	4	74280990	109065609	1	1	0	3
DO48716	4	67330029	130701042	2	1	1	3
DO48717	4	52700000	191154275	2	1	1	3
DO45091	4	70119946	161877500	2	2	0	2
DO22839	4	52700000	157586281	2	1	1	3
DO45055	4	70128960	191154275	1	1	0	3
DO48719	4	55890992	92848683	2	1	1	3
DO48720	4	52700000	74286858	1	1	0	2
DO45061	4	70181802	185301014	1	1	0	2
DO48721	4	70121440	191154275	1	1	0	2
DO45092	4	70234581	191154275	1	1	0	3
DO48723	4	52700000	79935006	2	1	1	2
DO48725	4	69812981	142275515	1	1	0	2
DO45075	4	52700000	154822521	2	1	1	3
DO48727	4	52700000	101425810	2	1	1	3
DO48728	4	70770069	74277437	4	3	1	2
DO48728	4	74277438	161857500	1	1	0	2
DO52172	4	52700000	81332955	3	2	1	2
DO50820	4	72413137	78168166	1	1	0	2
DO48730	4	52700000	190799943	2	1	1	2
DO45067	4	52700000	190987500	2	1	1	3
DO48732	4	52700000	150888850	3	2	1	3
DO45093	4	58506996	190714876	2	1	1	1
DO48733	4	52700000	191030916	2	1	1	3
DO48736	4	52700000	106139324	2	1	1	3
DO48737	4	56836022	92960310	4	3	1	2
DO48738	4	52700000	161861639	2	1	1	2
DO45094	4	52700000	190849175	2	1	1	3
DO48741	4	52700000	131370428	2	2	0	2
DO45095	4	52700000	89513279	2	1	1	2
DO45096	4	52700000	176824974	2	1	1	3
DO48742	4	52700000	75706256	2	1	1	3
DO48743	4	65223868	106491719	1	1	0	2
DO44982	4	52700000	105139911	2	1	1	3
DO48747	4	65820056	91312632	2	1	1	2
DO22896	4	74229554	74288936	3	2	1	2
DO48751	4	52700000	161867499	2	1	1	3
DO48753	4	52700000	92719785	2	1	1	2
DO45097	4	52700000	191154275	2	1	1	3
DO48757	4	71280646	130735255	3	2	1	3
DO22932	4	52700000	190799943	2	2	0	2
DO48759	4	52700000	153979992	2	1	1	2
DO45099	4	52700000	191154275	2	1	1	2
DO48760	4	71240059	78202084	2	1	1	2
DO48761	4	52700000	87995560	2	1	1	2
DO50772	4	62424949	190813337	1	1	0	3
DO45101	4	52700000	158592559	2	1	1	3
DO44889	4	72794956	107084683	2	1	1	3
DO50774	4	70290203	148796266	2	1	1	3
DO219580	4	52700000	191154275	2	1	1	2
DO50776	4	68843488	120254436	1	1	0	2
DO45103	4	56012306	139967457	2	1	1	2
DO45064	4	70130823	101975311	3	2	1	3
DO50778	4	63602955	137595484	3	2	1	2
DO22970	4	52700000	95212257	2	1	1	3
DO50780	4	52700000	92763523	3	2	1	3
DO45105	4	52700000	191154275	2	1	1	3
DO50783	4	52700000	74288987	2	1	1	3
DO45057	4	52700000	75642021	2	1	1	2
DO50785	4	52709760	83732623	2	1	1	2
DO22860	4	52700000	123526014	2	1	1	2
DO50787	4	69625508	191154275	2	1	1	3
DO45107	4	52722983	180547928	3	2	1	2
DO50789	4	73335031	84949017	1	1	0	2
DO45109	4	52700000	191154275	2	1	1	3
DO50791	4	72405442	80314811	2	1	1	2
DO45111	4	69375603	161865308	2	2	0	3
DO50793	4	52700000	161954964	2	1	1	3
DO22884	4	69374865	161282480	3	2	1	3
DO50796	4	52861365	190749943	1	1	0	2
DO45113	4	52700000	140310889	2	1	1	3
DO50798	4	74208765	104956214	2	1	1	2
DO45073	4	52700000	190749943	2	1	1	3
DO50799	4	72368617	84953793	2	1	1	2
DO45115	4	71733280	75816528	3	2	1	3
DO50800	4	70330002	77092104	2	1	1	2
DO45117	4	52700000	93713692	2	1	1	3
DO22866	4	52700000	112616287	2	1	1	2
DO22854	4	52700000	190837050	2	1	1	3
DO44832	4	52700000	118298905	2	1	1	2
DO50802	4	52700000	191154275	2	1	1	3
DO45119	4	69380543	74283388	1	1	0	2
DO45119	4	74283389	74379929	1	1	0	1
DO22953	4	52700000	190749943	2	1	1	3
DO23023	4	74202457	74768350	4	2	2	2
DO50803	4	71270803	75367175	2	1	1	2
DO44919	4	66480706	91858049	2	1	1	2
DO50804	4	73740043	78170016	2	1	1	3
DO50805	4	74260383	74443576	2	1	1	2
DO50806	4	70676825	191154275	2	2	0	1
DO45121	4	52700000	134382821	2	1	1	2
DO22998	4	52700000	190799943	2	1	1	2
DO50807	4	70081255	74441361	2	1	1	3
DO44883	4	52700000	191154275	2	1	1	3
DO50808	4	52700000	161867499	2	1	1	2
DO50809	4	72426066	78182950	3	2	1	2
DO45085	4	59785393	77537020	3	2	1	3
DO45123	4	66857848	190781733	4	2	2	2
DO50811	4	52700000	136674172	2	1	1	2
DO45083	4	53959935	95807003	1	1	0	3
DO45071	4	73762283	106905231	2	2	0	2
DO50813	4	58765026	90126942	2	1	1	2
DO48518	4	57558985	77343829	3	2	1	2
DO45125	4	52700000	76690219	2	1	1	3
DO50814	4	56926687	105078545	2	1	1	2
DO45127	4	72389901	92904862	3	2	1	2
DO50815	4	70245001	93548608	3	2	1	2
DO23508	4	52700000	161867499	2	1	1	3
DO50816	4	52700000	123502116	2	1	1	3
DO45047	4	52700000	136039991	2	2	0	2
DO50817	4	52700000	183132960	2	1	1	3
DO45129	4	69374865	95440000	1	1	0	3
DO50818	4	52700000	191154275	2	1	1	3
DO45029	4	52700000	190799943	2	1	1	2
DO50819	4	70538084	191154275	1	1	0	2
DO50822	4	72300014	85024045	2	1	1	2
DO23509	4	69382803	90887500	2	2	0	3
DO45131	4	70236526	159217508	1	1	0	2
DO50825	4	52700000	191154275	3	2	1	2
DO45133	4	52700000	190814510	2	1	1	3
DO48552	4	52700000	99154593	4	2	2	2
DO50827	4	72415181	96969989	1	1	0	2
DO45009	4	69373350	190604998	5	4	1	3
DO45135	4	52700000	87243641	4	2	2	2
DO44930	4	65114946	107869285	4	2	2	3
DO50829	4	72665404	90821957	1	1	0	2
DO45069	4	52700000	92544948	2	1	1	3
DO50831	4	52700000	84220092	1	1	0	2
DO45137	4	68039996	96291785	1	1	0	2
DO50832	4	72452503	80318142	2	2	0	2
DO44872	4	52700000	189425001	2	1	1	3
DO45139	4	52700000	111051018	2	1	1	3
DO50834	4	52700000	191154275	2	1	1	2
DO45141	4	52700000	87123551	2	1	1	3
DO50837	4	68267402	74268327	2	1	1	2
DO50837	4	74268328	78170118	2	1	1	2
DO45143	4	52700000	190799943	2	1	1	3
DO48505	4	52700000	110584350	2	1	1	3
DO50839	4	61491443	79772012	1	1	0	3
DO23510	4	54724088	190749943	1	1	0	3
DO50840	4	58700512	74276328	2	1	1	3
DO50840	4	74276329	74344344	2	1	1	2
DO45145	4	69657333	76145477	2	1	1	3
DO50842	4	70232501	155086614	2	2	0	2
DO23028	4	52700000	92755712	4	2	2	2
DO23073	4	58281032	124516109	1	1	0	2
DO45147	4	66333638	110022274	1	1	0	2
DO50844	4	57639607	191154275	2	1	1	3
DO23512	4	68527500	121391050	2	2	0	2
DO50845	4	69233173	114014414	2	1	1	3
DO44966	4	74164029	74494947	4	3	1	3
DO45149	4	52700000	136483365	1	1	0	3
DO44978	4	73754526	90296442	2	1	1	3
DO45151	4	52700000	107740580	2	1	1	2
DO50848	4	72378007	78204942	2	1	1	2
DO50850	4	73335975	80316801	2	1	1	2
DO50851	4	70381506	78172001	2	1	1	3
DO45153	4	69854298	74747155	2	1	1	2
DO45155	4	52700000	176992500	1	1	0	2
DO45079	4	70182608	74989334	2	1	1	3
DO45157	4	52700000	161867499	2	1	1	2
DO45045	4	74209486	74274281	1	1	0	2
DO45045	4	74274282	121229954	2	1	1	3
DO45159	4	69114515	100321880	2	1	1	3
DO45161	4	52700000	97139828	1	1	0	3
DO50855	4	52700000	140804071	1	1	0	2
DO45163	4	71066271	191154275	2	1	1	3
DO50857	4	65999602	77750232	2	1	1	2
DO23513	4	69905560	116306788	2	1	1	3
DO44744	4	52700000	191154275	3	2	1	3
DO44875	4	52700000	191154275	2	1	1	3
DO50859	4	52700000	191154275	2	1	1	3
DO45165	4	67643761	122077135	4	2	2	2
DO44974	4	69374202	74309554	1	1	0	3
DO45167	4	52700000	103031923	2	1	1	2
DO45065	4	70124091	75641489	1	1	0	3
DO45169	4	70367848	116311467	2	1	1	3
DO52171	4	74237690	74267843	4	3	1	1
DO52171	4	74267844	74268059	4	3	1	1
DO52171	4	74268060	74270307	3	2	1	1
DO52171	4	74270308	74326939	2	1	1	1
DO23514	4	69896634	161865308	2	1	1	3
DO45171	4	69905685	170705666	2	1	1	3
DO44890	4	52700000	93512282	2	1	1	2
DO48672	4	52700000	191154275	2	1	1	3
DO23515	4	52700000	181950827	2	2	0	1
DO45173	4	70120729	74830499	1	1	0	2
DO45175	4	52700000	104630719	2	1	1	2
DO45089	4	70126125	191154275	2	2	0	2
DO45177	4	52700000	96521695	2	1	1	3
DO45043	4	52700000	156936695	1	1	0	2
DO45179	4	71290040	93526086	2	1	1	3
DO44806	4	62376784	100121691	2	1	1	3
DO45181	4	52700000	190810571	2	1	1	3
DO45183	4	70120729	191154275	1	1	0	3
DO45185	4	52700000	79658322	2	1	1	1
DO22836	4	68753090	79521515	2	1	1	3
DO45187	4	52700000	185083020	1	1	0	2
DO45189	4	73539469	168336379	1	1	0	2
DO45077	4	71581143	79095109	2	2	0	2
DO48674	4	72335811	78269315	2	1	1	2
DO45191	4	57554523	74830543	1	1	0	2
DO44888	4	64078651	74274142	2	1	1	2
DO44888	4	74274143	74413272	2	1	1	2
DO45193	4	52700000	84958832	3	2	1	2
DO23516	4	72342298	84957197	2	1	1	3
DO22914	4	72752276	82259424	2	1	1	2
DO23517	4	74256640	93397439	2	1	1	3
DO23518	4	52700000	191154275	2	1	1	2
DO48677	4	52700000	83840163	2	1	1	3
DO22994	4	52700000	74272787	3	2	1	3
DO22994	4	74272788	100236335	1	1	0	3
DO45197	4	52700000	88203520	2	1	1	2
DO45199	4	72455695	78172732	4	2	2	3
DO48679	4	52700000	92552090	3	2	1	2
DO45201	4	71226982	111899651	2	1	1	2
DO45203	4	71356224	120969083	2	2	0	3
DO45205	4	68217801	85389802	2	1	1	2
DO22875	4	58040922	81859550	4	2	2	2
DO23519	4	70279131	106458453	2	1	1	1
DO45207	4	70126125	190836696	1	1	0	2
DO23520	4	72339982	74693773	1	1	0	2
DO23521	4	56819984	118119719	2	2	0	2
DO45209	4	72458939	78170830	1	1	0	3
DO23522	4	73250075	74829921	1	1	0	2
DO45211	4	73339178	77485836	2	1	1	2
DO45213	4	64392875	190749943	1	1	0	2
DO23524	4	52700000	191154275	2	1	1	3
DO45215	4	70286801	93325663	2	1	1	3
DO45217	4	65282492	86731862	2	2	0	2
DO45219	4	55741626	191154275	1	1	0	2
DO45037	4	73255885	80590038	2	1	1	3
DO45221	4	59637790	176727154	2	2	0	2
DO23525	4	61737852	128759961	2	2	0	2
DO23526	4	57634242	191154275	1	1	0	1
DO45041	4	52700000	161802500	2	1	1	3
DO45223	4	58783415	74285252	4	3	1	2
DO45223	4	74285253	74334675	3	2	1	1
DO23527	4	63649153	74302421	4	3	1	2
DO23528	4	56696903	81735862	4	2	2	2
DO44994	4	52700000	137073504	2	1	1	3
DO45225	4	65953362	116171938	2	1	1	2
DO22986	4	60392394	83631332	2	1	1	2
DO45227	4	71271202	76768590	2	2	0	2
DO45229	4	72459950	75340956	1	1	0	2
DO23529	4	52700000	190860217	2	1	1	2
DO48681	4	52700000	81468486	2	1	1	3
DO22959	4	66954496	133370743	2	1	1	2
DO45233	4	72455485	78119990	2	1	1	2
DO23018	4	73799593	93915525	2	2	0	2
DO23530	4	52700000	133721119	2	1	1	2
DO22929	4	72191734	88021684	2	1	1	3
DO45235	4	72469982	80800092	2	1	1	2
DO22978	4	52700000	172605227	2	1	1	2
DO49695	4	52700000	190987500	2	1	1	2
DO23532	4	62039278	114810194	2	1	1	2
DO23533	4	69796402	95805802	2	1	1	2
DO48682	4	52700000	127762647	2	1	1	2
DO23534	4	54181002	78149439	2	1	1	2
DO48684	4	70292203	101126282	4	3	1	2
DO48686	4	69340032	81467118	2	1	1	2
DO48687	4	63837167	103782094	3	2	1	3
DO23535	4	70285524	118044452	1	1	0	2
DO23536	4	73360030	84946579	3	2	1	2
DO45237	4	64024259	84805549	2	2	0	2
DO45035	4	63187855	190799943	1	1	0	2
DO44877	4	52700000	187073823	2	1	1	3
DO23537	4	70288266	98010605	1	1	0	2
DO45239	4	72704604	191154275	1	1	0	3
DO23048	4	65721678	151437495	2	2	0	3
DO23538	4	73318802	105902468	2	1	1	3
DO45241	4	63852777	74993206	2	1	1	2
DO44828	4	52700000	190836410	2	1	1	3
DO23539	4	70182486	97225168	1	1	0	3
DO23540	4	52700000	191154275	2	1	1	3
DO22956	4	52700000	191154275	2	1	1	3
DO48689	4	52700000	88374937	2	1	1	3
DO44986	4	70180802	134874506	1	1	0	3
DO48691	4	52700000	123981774	2	1	1	3
DO22838	4	52700000	191154275	4	3	1	2
DO23541	4	52700000	190788238	2	1	1	3
DO45247	4	52700000	190749943	2	1	1	3
DO23542	4	52700000	191154275	2	1	1	3
DO48692	4	54002361	191154275	2	1	1	3
DO49659	4	52700000	102961961	2	1	1	3
DO23543	4	52700000	98463913	2	1	1	3
DO45253	4	71272803	104951112	2	1	1	3
DO45255	4	72392349	129913556	2	1	1	3
DO48693	4	69657654	190809333	2	1	1	2
DO45039	4	70124091	190749943	2	2	0	2
DO23544	4	58735685	92000470	2	1	1	2
DO45059	4	64824983	144976030	1	1	0	2
DO23545	4	52700000	129660996	2	1	1	2
DO45087	4	52700000	191154275	2	1	1	3
DO23546	4	52700000	185583413	2	1	1	3
DO23547	4	66765439	74853210	2	1	1	2
DO48694	4	70380509	79995636	2	1	1	2
DO23549	4	52700000	191154275	2	1	1	2
DO45081	4	52700000	88279376	3	2	1	2
DO45257	4	62372523	135795855	1	1	0	2
DO52307	4	69761950	77330952	2	1	1	2
DO44740	4	52700000	191154275	3	2	1	2
DO48695	4	52700000	190844646	4	3	1	1
DO48697	4	72276977	78120062	1	1	0	2
DO23550	4	52700000	191154275	2	1	1	3
DO22887	4	52700000	191154275	4	2	2	3
DO45263	4	73044462	96316045	1	1	0	3
DO45265	4	57922284	81468274	2	2	0	3
DO23551	4	72618234	97960245	2	1	1	2
DO45267	4	71290916	89179599	2	1	1	2
DO48700	4	52700000	190749943	2	1	1	3
DO23552	4	52737932	88175000	1	1	0	2
