fname	rho	freg	lasso	rndlasso
A549_small	-0.06592569947878155	17496.75083433723	-0.0	0.005
AC3p	-0.03352505474102744	174.20253701958185	-0.0	0.025
ACA	-0.021563367429415427	0.22753680892549727	-0.0	0.0
ACC	-0.036131221124967354	998.6205327762849	-0.0	0.0
ACG	-0.055033078340534884	5252.3536692987345	0.0	0.0
ACT	-0.00047498818985846063	337.3638967818737	0.0	0.0
AT3p	0.026031940334742307	1360.1890574121514	0.0	0.0
ATA	0.006603129236874535	24.661869841954193	0.0	0.0
ATC	-0.0028208342118980095	55.46454477662234	-0.0	0.0
ATG	0.005359028666808408	678.8424296621602	-0.0	0.0
ATT	0.023293379261008367	880.1951274884867	0.0	0.0
CA5p	-0.024516533585909852	326.1306450160567	-0.0	0.0
CC5p	-0.04319989024658781	5527.671273285637	-0.0	0.0
CCA	-0.03588738550849466	1750.5233255159242	-0.0	0.0
CCC	-0.05533383203262516	7330.89464541277	-0.0	0.0
CCG	-0.0914535372872141	11028.869917248188	0.0	0.0
CCT	-0.037250057192827944	3074.5345043528073	-0.0	0.0
CG5p	-0.07767519070980552	10745.396965672362	0.0	0.0
CT3p	-0.016713306738620762	82.17085716109696	0.0	0.0
CT5p	-0.016619294179746398	86.91417673498555	0.0	0.0
CTA	0.005494240410992558	1622.38531405476	-0.0	0.0
CTC	-0.028827890552674578	2430.8464134511987	0.0	0.0
CTG	-0.03933248070298656	3567.0095911885346	-0.0	0.0
CTT	0.009306274347079766	516.8551300875998	0.0	0.0
Caki2_small	-0.06137591294171748	11385.8070969402	-0.0	0.025
E001-H3K27me3	-0.062221200714469835	1320.6481616363844	-0.0	0.06
E001-H3K36me3	-0.08709345975757746	6204.549812740093	-0.0	0.0
E001-H3K4me1	-0.1703719765015062	16301.544127488674	0.0	0.0
E001-H3K4me3	-0.11270571509333162	2464.4133674365007	-0.0	0.005
E001-H3K9ac	-0.12270436744188676	2142.5305039565274	-0.0	0.175
E001-H3K9me3	-0.060831671913336466	10401.765776565933	-0.0	0.0
E001-RNAseq	-0.09652521039956882	11382.27144253201	-0.0	0.0
E002-H3K27me3	-0.04714760191155757	2059.584926533395	-0.0	0.005
E002-H3K36me3	-0.026483793874093865	225.77251183901495	-0.0	0.0
E002-H3K4me1	-0.09377109312599723	5016.418622250194	-0.0	0.0
E002-H3K4me3	-0.035514003751113306	524.1215759350886	-0.0	0.0
E002-H3K9ac	-0.06872195101790504	1935.712829793955	-0.0	0.0
E002-H3K9me3	0.009590790199165094	226.72130631887268	-0.0	0.0
E002-RNAseq	-0.10117951115070935	11261.222698525182	-0.0	0.0
E003-DNase	-0.2572864518224068	12893.637212201875	-0.0	0.03
E003-H2A	-0.07269584433698904	3272.6779040287083	0.0	0.0
E003-H2AK5ac	-0.07267394039525957	6429.274427581089	0.0	0.0
E003-H2BK120ac	-0.06545909954269778	5165.15045519976	0.0	0.0
E003-H2BK12ac	-0.08649417198333455	8383.044969169401	0.0	0.0
E003-H2BK15ac	-0.06575803609735213	6661.26638303808	0.0	0.0
E003-H2BK20ac	-0.06213783716639095	6899.444586608429	0.0	0.0
E003-H2BK5ac	-0.09767428143249916	5914.153417698764	0.0	0.0
E003-H3K14ac	-0.06292190276473339	3610.590809024492	0.0	0.0
E003-H3K18ac	-0.08117053770093771	6922.90602424425	0.0	0.0
E003-H3K23ac	-0.06928373416026114	2432.4979327258993	0.0	0.0
E003-H3K23me2	-0.09441556982698904	1838.8113661108553	-0.0	0.005
E003-H3K27ac	-0.10453430521684157	2897.3200532170245	0.0	0.085
E003-H3K27me3	-0.0671399982749324	847.5957789819411	-0.0	0.185
E003-H3K36me3	-0.06365635982832965	5110.3367608619765	0.0	0.0
E003-H3K4ac	-0.06651570004534421	3880.147522254137	0.0	0.0
E003-H3K4me1	-0.14408789111186918	12749.963618016389	0.0	0.0
E003-H3K4me2	-0.16331657917041228	4240.545305883384	-0.0005627711039662214	0.745
E003-H3K4me3	-0.07740582516010187	1465.0137246925872	-0.0	0.35
E003-H3K56ac	-0.09045563758633024	3076.334070666507	0.0	0.0
E003-H3K79me1	-0.08557586623769363	8304.602019608095	-0.0	0.0
E003-H3K79me2	-0.0690197261691389	3856.439865165815	-0.0	0.0
E003-H3K9ac	-0.09405170377496289	1283.423865928747	0.0	0.04
E003-H3K9me3	-0.05698711183757655	7718.4298437801235	0.0	0.005
E003-H4K20me1	-0.08028102040331596	6505.571636464234	-0.0	0.0
E003-H4K5ac	-0.09857687375425572	4888.845527032729	0.0	0.0
E003-H4K8ac	-0.10768244891903148	10734.993165140588	0.0	0.0
E003-H4K91ac	-0.07812773224165193	7172.062478161975	0.0	0.0
E003-RNAseq	-0.09123055320381031	12685.748264120006	-0.0	0.01
E004-DNase	-0.26330720450722533	16018.123513811002	-0.0	0.095
E004-H2AK5ac	-0.06786354984551557	6385.38410918279	-0.0	0.0
E004-H2BK120ac	-0.08051743694073592	5496.948143743408	-0.0	0.0
E004-H2BK15ac	-0.07536929914322744	10958.880084859047	-0.0	0.0
E004-H2BK5ac	-0.07960416884478606	4448.337622223415	-0.0	0.0
E004-H3K18ac	-0.10365784031796889	7767.944664036556	-0.0	0.0
E004-H3K23ac	-0.07679832103875735	2004.8477787914849	0.0	0.0
E004-H3K27ac	-0.12269024369618031	3066.9462733418795	-0.0	0.1
E004-H3K27me3	-0.05680645358078076	1121.3890568042666	0.0	0.015
E004-H3K36me3	-0.05008286393747466	929.1757490350097	0.0	0.0
E004-H3K4ac	-0.13570531148348214	8410.596965808121	-0.0	0.0
E004-H3K4me1	-0.10953131064816939	8412.387641829537	-0.0	0.0
E004-H3K4me2	-0.07495320040340743	2082.303953635342	0.0	0.0
E004-H3K4me3	-0.06785762772534054	1387.3437446490957	-0.0	0.005
E004-H3K79me1	-0.0758970781016087	8182.048351938641	-0.0	0.005
E004-H3K79me2	-0.0775645785902372	2266.7326235161167	-0.0	0.275
E004-H3K9ac	-0.1014899347761288	1746.4459632727578	-0.0	0.0
E004-H3K9me3	-0.04432472222806197	5024.371484666168	-0.0	0.0
E004-H4K8ac	-0.08257006640379405	3730.8928657749993	-0.0	0.0
E004-RNAseq	-0.1002936594942669	10781.406738636832	-0.0	0.0
E005-DNase	-0.2514721158867451	11772.366118027952	-0.0	0.0
E005-H2A	-0.11604978340480157	6740.638019244292	-0.0	0.0
E005-H2AK5ac	-0.12028832095430529	11304.727233576536	-0.0	0.0
E005-H2BK120ac	-0.11941931613369497	5434.367618691354	0.0	0.025
E005-H2BK12ac	-0.12636316722305846	8713.323294067275	0.0	0.0
E005-H2BK5ac	-0.1136436414664599	4026.3409379915847	0.0	0.005
E005-H3K14ac	-0.12999442598569197	6774.984161787958	0.0	0.0
E005-H3K18ac	-0.1320590593431549	8833.623409726528	0.0	0.0
E005-H3K23ac	-0.0631940154057379	1278.4365121792312	0.0	0.0
E005-H3K27ac	-0.11742040894836796	2087.4843713256055	0.0	0.3
E005-H3K27me3	-0.048164265078726766	2305.0803593182145	0.0	0.0
E005-H3K36me3	-0.11302297827314624	4790.801927854264	-0.0	0.03
E005-H3K4ac	-0.13889645117963526	6182.124317480252	-0.0	0.01
E005-H3K4me1	-0.13966291684051815	9541.620314219364	0.0	0.0
E005-H3K4me2	-0.10628903821963186	2351.8880728588933	0.0	0.0
E005-H3K4me3	-0.10052552039454929	1480.3357738294196	0.0	0.025
E005-H3K79me1	-0.13382843473016656	8086.573587913036	0.0	0.0
E005-H3K79me2	-0.12358984395205627	6415.117329406933	-0.0	0.0
E005-H3K9ac	-0.06864173835751443	1927.9865828067796	-0.0	0.0
E005-H3K9me3	-0.09324638336664023	6286.905712736918	-0.0	0.0
E005-H4K12ac	-0.1385925039239322	8420.59666095138	0.0	0.0
E005-H4K8ac	-0.15256158048332868	6074.237936917579	-0.0	0.0
E005-H4K91ac	-0.13021960648828496	3981.6004932749015	0.00014975535682545466	0.52
E005-RNAseq	-0.10180429259462691	12009.720343362695	-0.0	0.0
E006-DNase	-0.2442898764095273	12110.82492561053	-0.0	0.0
E006-H2A	-0.13784330807110123	6099.0714226093205	-0.0	0.0
E006-H2AK5ac	-0.10354543774741581	12012.613251392051	-0.0	0.0
E006-H2BK120ac	-0.14230097551311952	7222.106523276662	-0.0	0.0
E006-H2BK12ac	-0.1372171183403514	9119.497149281011	0.0	0.01
E006-H2BK5ac	-0.09282542956888136	2907.1300620043867	-0.0	0.0
E006-H3K14ac	-0.11162279046764804	8018.305151782056	-0.0	0.0
E006-H3K18ac	-0.1267463571724232	8167.755113525426	-0.0	0.0
E006-H3K23ac	-0.09503269422848054	6249.456681482739	-0.0	0.0
E006-H3K27ac	-0.11396889711661494	2600.5058056090456	-0.0	0.195
E006-H3K27me3	-0.05956928290969101	8916.72440211193	-0.0	0.0
E006-H3K36me3	-0.10755341369365827	6576.134731619196	0.0	0.02
E006-H3K4ac	-0.13255598621948983	7680.484799951262	0.0	0.0
E006-H3K4me1	-0.1342572066267211	9497.770853456346	-0.0	0.0
E006-H3K4me2	-0.09528933539424113	2760.6451634619257	0.0	0.0
E006-H3K4me3	-0.08448832965653648	1609.3126791129343	0.0	0.045
E006-H3K79me1	-0.11349236578725315	13989.513606133696	-0.0	0.245
E006-H3K9ac	-0.09495691799511834	2123.3386065876734	0.0	0.0
E006-H3K9me3	-0.03683355934944524	12856.790687797535	-0.0	0.0
E006-H4K8ac	-0.15064191373805288	7418.279940986759	-0.0	0.005
E006-H4K91ac	-0.1295783723581861	7158.560041653321	0.0	0.0
E006-RNAseq	-0.10106605684300289	12753.396745000133	-0.0	0.0
E007-DNase	-0.24892460620860046	10638.420698119005	-0.0	0.045
E007-H2AK5ac	-0.09026389683329324	11609.541454632907	-0.0	0.0
E007-H2BK120ac	-0.09526074310562194	8703.02702315547	-0.0	0.0
E007-H2BK12ac	-0.1032928146087329	9900.630452781337	-0.0	0.0
E007-H2BK15ac	-0.08364805374557055	11125.365369496862	-0.0	0.0
E007-H2BK5ac	-0.12143074671593737	11999.3000383758	0.0	0.0
E007-H3K14ac	-0.10384971938519869	11844.586963385105	0.0	0.0
E007-H3K18ac	-0.10947738454556467	11718.235477566892	-0.0	0.0
E007-H3K23ac	-0.10207866871773005	12085.722114776292	0.0	0.0
E007-H3K27ac	-0.07709908363004754	1607.6896049859097	-0.0	0.02
E007-H3K27me3	-0.04291937789770574	1240.3923020448851	0.0	0.0
E007-H3K36me3	-0.0747614274508482	4624.868235870278	-0.0	0.0
E007-H3K4ac	-0.07976373616630258	5162.728578756185	-0.0	0.0
E007-H3K4me1	-0.11773868656748632	8898.76603818697	-0.0	0.0
E007-H3K4me2	-0.0797304776138356	1825.4723955576717	-0.0	0.01
E007-H3K4me3	-0.08728024689281465	1789.632869954375	0.0	0.015
E007-H3K79me1	-0.09938689766300005	7745.823507959125	-0.0	0.0
E007-H3K9ac	-0.12766385536782066	7751.023406656794	-0.0	0.0
E007-H3K9me3	-0.0633963909120466	4881.469416739922	-0.0	0.0
E007-H4K8ac	-0.11490231615445284	9071.021704525938	-0.0	0.0
E007-H4K91ac	-0.10355524058770628	8340.226949816113	-0.0	0.0
E007-RNAseq	-0.09642331676854331	11869.816666860559	-0.0	0.0
E008-DNase	-0.24076790276281365	10248.039702648874	-0.0	0.0
E008-H2A	-0.07863786566427071	4208.529543310522	0.0	0.0
E008-H2AK5ac	-0.06619747931282129	3543.107538071095	-0.0	0.0
E008-H2BK120ac	-0.10796737659311906	5511.496886532003	-0.0	0.0
E008-H2BK12ac	-0.07078481875423859	4602.871888557538	0.0	0.0
E008-H2BK15ac	-0.06665064609700182	6253.197845809955	0.0	0.0
E008-H2BK20ac	-0.06479910722192385	4505.41298291766	0.0	0.0
E008-H2BK5ac	-0.07245082235537967	3296.7171577365634	0.0	0.0
E008-H3K14ac	-0.11528477509536933	9331.475597259736	0.0	0.0
E008-H3K18ac	-0.10584160067310182	7013.045163208638	-0.0	0.0
E008-H3K23ac	-0.10475665013950446	3948.8539550284554	-0.0	0.0
E008-H3K23me2	-0.11384426635999859	8529.432686466414	-0.0	0.0
E008-H3K27ac	-0.09005233833503024	2087.9815145190746	-0.0	0.0
E008-H3K27me3	-0.05675020430527727	910.0578515788682	-0.0	0.0
E008-H3K36me3	-0.08674318359294478	5379.08456586237	-0.0	0.0
E008-H3K4ac	-0.10739917232674107	8608.774485198093	-0.0	0.0
E008-H3K4me1	-0.11275395857700028	8654.9972272016	0.0	0.0
E008-H3K4me2	-0.11951369123257015	3235.1039406431432	-0.0	0.005
E008-H3K4me3	-0.09358700003519509	1622.4539198753323	-0.0	0.12
E008-H3K56ac	-0.0885192978954027	5797.723391716976	0.0	0.0
E008-H3K79me1	-0.10831010563356468	8840.676490307136	-0.0	0.0
E008-H3K79me2	-0.06767272704968558	2467.9391476016785	0.0	0.0
E008-H3K9ac	-0.09541645676339448	1572.4235844089517	-0.0	0.0
E008-H3K9me3	-0.07201077506701353	4849.174437970027	0.0	0.0
E008-H3T11ph	-0.06158498373542742	2520.5734428670416	0.0	0.0
E008-H4K20me1	-0.051780575359469685	1461.6845132377987	-0.0	0.0
E008-H4K5ac	-0.08541216072726018	4821.1924251451	-0.0	0.0
E008-H4K8ac	-0.08427956582973722	5731.353242651898	0.0	0.0
E008-H4K91ac	-0.09390156121241937	8265.684861860122	-0.0	0.0
E008-RNAseq	-0.09461340215645396	10979.414646098458	-0.0	0.13
E009-H2A	-0.10754286308118638	4787.402069654229	0.0	0.005
E009-H3K27me3	-0.04574042128715877	5265.80955442537	0.0	0.0
E009-H3K36me3	-0.0691588374241811	6815.0050395338885	4.547745608828502e-05	0.495
E009-H3K4me1	-0.1494796931504301	9743.445693839009	-0.0	0.065
E009-H3K4me3	-0.09338563068654439	1345.0883752334087	-1.6920046671109103e-05	0.35
E009-H3K9me3	-0.08334290882944445	8444.513694452298	-0.0	0.01
E009-RNAseq	-0.09866371102954265	13732.024008882416	-0.0	0.005
E010-H2A	-0.06509929886854732	4441.776041100661	0.0	0.035
E010-H3K27me3	-0.03160495528687728	6855.848646474898	0.0	0.0
E010-H3K36me3	-0.08749626749913007	8218.715828023433	-0.00024620783721661306	0.565
E010-H3K4me1	-0.1802686226931657	10523.145714342594	-0.0	0.095
E010-H3K4me3	-0.0913761179492827	1336.3288221175956	0.0	0.585
E010-H3K9me3	-0.07275080015464841	7159.955505403426	-0.0	0.0
E010-RNAseq	-0.09973818865109116	14504.606727170443	-0.0	0.0
E011-H3K27ac	-0.11756304271199523	2285.3015094934785	-0.0	0.055
E011-H3K27me3	-0.08520582920854561	1704.9531753201857	-0.0	0.265
E011-H3K36me3	-0.09134595039000219	8490.170369768468	-0.0	0.205
E011-H3K4me1	-0.162196603794399	15936.455590728337	0.0	0.0
E011-H3K4me3	-0.12634856584987808	2701.161497552314	0.0	0.145
E011-H3K9ac	-0.1045824972180876	737.8697693703092	0.00011264147309094525	0.33
E011-H3K9me3	-0.10611023841634828	13043.772185065613	-0.0	0.15
E011-RNAseq	-0.09930504560922	12540.616530756164	-0.0	0.0
E012-H3K27ac	-0.08646696401197368	1267.8160512536547	-0.0	0.01
E012-H3K27me3	-0.0785625302224816	934.6444049665793	0.0	0.28
E012-H3K36me3	-0.10628957829048237	6398.62292547715	-0.0	0.03
E012-H3K4me1	-0.15609239274496103	13910.259734201716	-0.0	0.0
E012-H3K4me3	-0.0790672815606361	1389.5578232945506	0.0004560595411411654	0.78
E012-H3K9me3	-0.02381548545437143	2722.58478281741	-0.0	0.0
E012-RNAseq	-0.09843545245441591	11747.251141060122	-0.0	0.02
E013-H3K27ac	-0.11502990750608248	1955.9324201682582	-0.0	0.29
E013-H3K27me3	-0.07869262203566585	3090.3133490828977	0.0	0.0
E013-H3K36me3	-0.10139145810126353	8338.805758239578	0.0	0.155
E013-H3K4me1	-0.1607393207039243	11871.42313261568	-0.0	0.005
E013-H3K4me3	-0.09926369617454874	1272.1874830740005	0.00011764991641237518	0.77
E013-H3K9me3	-0.08588248937465255	10106.490727822358	-0.0	0.015
E013-RNAseq	-0.1000221634917029	13069.047636353103	-0.0	0.01
E014-H3K27ac	-0.15298545836789135	2037.3610031927012	-7.42799370219527e-05	0.695
E014-H3K27me3	-0.07245095885740695	1045.960019249266	-1.9461136608264992e-05	0.295
E014-H3K36me3	-0.07856602915989523	4988.732979112056	-0.0	0.105
E014-H3K4me1	-0.16475872354286117	15486.046258616347	0.0	0.005
E014-H3K4me3	-0.10777100489422153	1942.3770675922751	0.0	0.12
E014-H3K9ac	-0.10226095290332818	1317.1155143985266	0.0	0.005
E014-H3K9me3	-0.04566798106486404	9077.128576377783	0.0	0.11
E014-RNAseq	-0.09314619542859093	11564.856582133876	-0.0	0.025
E015-H3K27ac	-0.09498309092412655	3008.2591494268845	0.0	0.005
E015-H3K27me3	-0.0615886007859887	1283.2978791481987	-0.0	0.14
E015-H3K36me3	-0.07941600831670186	5503.591448080677	0.0	0.05
E015-H3K4me1	-0.16883932795695963	15760.366530509382	-0.0	0.0
E015-H3K4me3	-0.11768176064709375	2018.531124862068	-0.0	0.26
E015-H3K9ac	-0.12701732333099264	1606.0057130477974	-0.00021259690003076672	0.445
E015-H3K9me3	-0.0695926099426423	11639.112502610422	-0.0	0.0
E015-RNAseq	-0.09168559500127581	11758.866959648461	-0.0	0.005
E016-H3K27ac	-0.11438338837629568	1889.3149921665624	0.0	0.025
E016-H3K27me3	-0.0729055960280334	1099.728461478306	-0.0	0.16
E016-H3K36me3	-0.08169569981301908	5088.220847720339	-0.0	0.02
E016-H3K4me1	-0.16911867469932246	14850.999126955961	0.0	0.0
E016-H3K4me3	-0.11910854418206654	1721.8088668228704	0.0	0.44
E016-H3K9ac	-0.1231031808374629	1375.9075411369781	0.0	0.02
E016-H3K9me3	-0.07655336889298787	10233.937354127242	-0.0	0.0
E016-RNAseq	-0.09115811361048617	12303.462009190696	-0.0	0.01
E017-DNase	-0.24808314244333848	15067.289543477482	-0.0	0.015
E017-H2A	-0.10077232053033414	5742.075602857328	-0.0	0.0
E017-H2AK5ac	-0.08948388289422582	8483.256324070837	-0.0	0.025
E017-H2AK9ac	-0.10023387389177771	8245.423863621038	0.0	0.0
E017-H2BK120ac	-0.10393790412647638	5201.582651589754	-0.0	0.285
E017-H2BK12ac	-0.10624556996849548	7642.046723664005	-0.0	0.115
E017-H2BK15ac	-0.10995528587157151	12719.332100445485	-0.0	0.025
E017-H2BK20ac	-0.11855369397040766	6785.51731986369	-0.0	0.01
E017-H2BK5ac	-0.1589217708859856	3895.330714001424	-0.00016204474388840492	0.335
E017-H3K14ac	-0.11321923083821822	11887.206541977874	-0.0	0.0
E017-H3K18ac	-0.09389209536885945	7106.055799188264	0.0	0.19
E017-H3K23ac	-0.11947919334371197	9922.471396038525	-0.0	0.0
E017-H3K27ac	-0.1364610216456344	2640.219016008226	0.00012840116915037195	0.85
E017-H3K27me3	-0.05824462743044863	12085.00860585241	-0.0	0.095
E017-H3K36me3	-0.09356942468478899	5858.672974260075	0.0	0.215
E017-H3K4ac	-0.11416746511470537	6340.902366599647	0.0	0.03
E017-H3K4me1	-0.16057619597776596	10057.22384842004	0.0	0.02
E017-H3K4me2	-0.19118933350369638	3822.171753020509	-0.0	0.415
E017-H3K4me3	-0.06370879802153981	1306.5473413710492	1.1592962864288796e-05	0.81
E017-H3K56ac	-0.10532619381092659	2402.5430563280893	-0.0	0.01
E017-H3K79me1	-0.08437232057288277	12059.734531191803	-0.00025514033937670935	0.52
E017-H3K79me2	-0.09796087654623185	3840.6888679915446	0.00010136365733738729	0.515
E017-H3K9ac	-0.1392050486937768	2068.2011313127805	-0.0	0.195
E017-H3K9me1	-0.14058111386829283	17003.67405901701	-0.0	0.0
E017-H3K9me3	0.02187959694702448	13435.196773890215	0.0	0.0
E017-H4K20me1	-0.08697757591651825	3299.060037873158	0.0	0.065
E017-H4K5ac	-0.11271679196920341	7356.568842269932	0.0	0.045
E017-H4K8ac	-0.10680805903051165	7637.795087826098	-0.0	0.04
E017-H4K91ac	-0.1115040578637514	5075.469025555533	0.0	0.1
E017-RNAseq	-0.09706767574990466	12595.202471183698	-0.0	0.035
E018-H3K27me3	-0.08546259340373497	1386.7565735054593	0.0	0.295
E018-H3K36me3	-0.0895892768683383	5316.871343633257	-0.0	0.0
E018-H3K4me1	-0.1832572526354872	15227.205791171777	0.0	0.0
E018-H3K4me3	-0.07497486629254264	2100.6843531098143	0.0	0.025
E018-H3K9ac	-0.10997498912601907	2943.8144888755983	0.0	0.0
E018-H3K9me3	-0.04465244864004532	8787.659520666333	0.0	0.0
E018-RNAseq	-0.09180229407406369	11839.25813668999	-0.0	0.0
E019-H3K27ac	-0.08426227783852382	2824.020585070264	0.0	0.0
E019-H3K27me3	-0.098454237309464	833.3503639943649	7.321562666791028e-05	0.78
E019-H3K36me3	-0.07569570121520437	4532.419714764079	0.0	0.06
E019-H3K4me1	-0.1847809263353393	14529.041979073678	0.0	0.005
E019-H3K4me3	-0.11494409664941217	1861.0640652945845	-0.0	0.195
E019-H3K9ac	-0.12056213004725239	1150.2185199985377	-0.0	0.045
E019-H3K9me3	-0.06378390667725332	8190.57150921666	-0.0	0.0
E019-RNAseq	-0.09219182022748013	11874.903892143462	-0.0	0.0
E020-H3K27ac	-0.12179772850850715	4571.528863290738	0.0	0.0
E020-H3K27me3	-0.07740098887488121	1010.2545988218029	-0.0	0.14
E020-H3K36me3	-0.07597009311469961	4827.977175252854	-0.0	0.04
E020-H3K4me1	-0.15616567443931312	14448.515084607689	0.0	0.0
E020-H3K4me3	-0.12188538034118597	2042.9898261951369	-0.0	0.19
E020-H3K9ac	-0.13014514913112443	2008.840622456743	-0.0	0.015
E020-H3K9me3	-0.07353116548249385	8836.288516529936	-0.0	0.025
E020-RNAseq	-0.09019017886110507	11469.993805691336	-0.0	0.12
E021-DNase	-0.23436888852791227	22348.762545794467	-0.0	0.0
E021-H3K27ac	-0.10937621613541129	3477.8832764114577	-0.0	0.0
E021-H3K27me3	-0.05291698364442667	852.6311546720183	-0.0	0.0
E021-H3K36me3	-0.07561303947441113	4569.952297295611	0.0	0.0
E021-H3K4me1	-0.10930068072100914	8307.530006204237	0.0	0.0
E021-H3K4me3	-0.07926998315747355	1446.2655496834266	-0.0	0.045
E021-H3K9me3	-0.037154007160364974	5572.369430426999	0.0	0.0
E021-RNAseq	-0.09587888581817504	11275.799918937992	-0.0	0.115
E022-DNase	-0.23077481248817955	24773.680963696555	-0.0	0.0
E022-H3K27ac	-0.11570118283500948	4230.269519459227	-0.0	0.0
E022-H3K27me3	-0.0669929179732232	1360.1635107758862	-0.0	0.0
E022-H3K36me3	-0.08422237939513369	10261.584858374197	0.0	0.0
E022-H3K4me1	-0.11849411740479338	12688.158901847955	0.0	0.0
E022-H3K4me3	-0.09740406484754704	1694.065022694424	-0.0	0.12
E022-H3K9me3	-0.07880835795908289	7607.2854879973975	-0.0	0.0
E022-RNAseq	-0.09457337461742371	11815.625589468207	-0.0	0.0
E023-H3K27me3	-0.03555435500827161	14738.918362333963	-0.0	0.0
E023-H3K36me3	-0.0888465078866565	5397.400702586363	0.0	0.185
E023-H3K4me1	-0.20184240040087575	15211.401999977066	0.0	0.0
E023-H3K4me3	-0.1294109532462484	2040.758087808707	0.0	0.09
E023-H3K9ac	-0.15610081304182394	2277.4223842098017	-2.2600700450424632e-05	0.355
E023-H3K9me3	-0.012667114376248591	5974.45885751643	0.0	0.045
E023-RNAseq	-0.10534073348022494	12992.858530252068	-0.0	0.0
E024-H3K27me3	-0.09088596268787773	2415.44305707706	-0.0	0.0
E024-H3K36me3	-0.0983935592089777	6777.167281444026	0.0	0.065
E024-H3K4me1	-0.1551076380639327	14217.891167172034	-0.0	0.0
E024-H3K4me3	-0.08696223154908175	1435.1880411640366	-0.0	0.06
E024-H3K9me3	-0.0715148981106007	4527.760432599912	0.00015853546983704613	0.44
E024-RNAseq	-0.08991222133523066	11960.735785106373	-0.0	0.01
E025-H3K27me3	-0.054146284327459056	12755.404796447865	-0.0	0.005
E025-H3K36me3	-0.08996687217700249	6933.706025368078	-0.0004529719051001297	0.615
E025-H3K4me1	-0.20218679249420987	16283.165340926727	-0.0009014087396309494	0.435
E025-H3K4me3	-0.1116426780345776	2085.218100167262	0.0005201193298333935	0.515
E025-H3K9ac	-0.15971524404089865	2290.359131394681	-0.0	0.3
E025-H3K9me3	0.015332222981875745	8759.843142957181	0.0	0.0
E025-RNAseq	-0.10254120131925867	13060.094902495684	-0.0	0.005
E026-H3K27ac	-0.17687291413574713	2838.666173001798	-1.5229808418703746e-05	0.915
E026-H3K27me3	-0.04717035149067414	13929.41090411904	-0.0	0.0
E026-H3K36me3	-0.08009111848178656	6251.912196873766	0.0	0.07
E026-H3K4me1	-0.1772481635272053	10702.027341143648	0.0	0.015
E026-H3K4me3	-0.11095264272267598	1741.995534787212	0.0	0.2
E026-H3K9ac	-0.1206601648296245	1461.1467419004998	0.0	0.145
E026-H3K9me3	0.030784154660267137	13121.660684830984	0.0	0.0
E026-RNAseq	-0.10076943819793552	11371.548587847388	-0.0	0.0
E027-H3K27me3	-0.0035133406119581463	6414.961616764194	0.0	0.07
E027-H3K36me3	-0.09731166246461587	11716.424788201122	-0.0007140539585849337	0.44
E027-H3K4me1	-0.14328413883648364	13248.020219383381	0.0	0.145
E027-H3K4me3	-0.10293897907595004	1618.788845569949	-0.0002478625526592222	0.76
E027-H3K9ac	-0.11792159328254596	5587.139783007195	-0.0	0.0
E027-H3K9me3	-0.05993386446481434	11848.832903290213	0.0	0.0
E027-RNAseq	-0.10433155239783252	15299.457234819498	-0.0	0.0
E028-DNase	-0.24617600315595242	12355.42439990931	-0.0	0.0
E028-H3K27me3	-0.07284147468278897	3427.2524371930303	0.0	0.01
E028-H3K36me3	-0.11575859056945599	13861.22590877355	-0.0	0.185
E028-H3K4me1	-0.15508917841028874	14030.941569604818	-0.0	0.0
E028-H3K4me3	-0.09832423088267903	1253.8628488888003	-0.0	0.155
E028-H3K9me3	0.026938924660875743	21178.456706920333	0.005707124320856852	0.5
E028-RNAseq	-0.08877511372110412	11589.924851920076	-0.0	0.23
E029-DNase	-0.19441496198503197	6619.538898716198	0.0	0.0
E029-H3K27ac	-0.14432742682110117	1140.3920583362938	-6.902108102348773e-05	0.8
E029-H3K27me3	-0.08734252119063438	3075.043409021532	-0.0	0.135
E029-H3K36me3	-0.06982028757278193	5025.918595610138	-0.0	0.115
E029-H3K4me1	-0.12105324071211002	4441.798241516166	-0.0	0.57
E029-H3K4me3	-0.08853898415459702	1064.1639857202556	-0.00012439728271088055	0.785
E029-H3K9me3	-0.0935710269469274	8507.284317315467	0.0	0.275
E029-RNAseq	-0.09979854558123677	13481.304235478685	-0.0	0.0
E030-H3K27me3	-0.07563791798196273	6345.696899840975	-0.0	0.205
E030-H3K36me3	-0.09304674376273041	2907.1150364702653	0.0	0.47
E030-H3K4me1	-0.16132998090974138	3734.2748110499165	-0.00015403430506597148	0.975
E030-H3K4me3	-0.09047091517408723	1374.3359964179083	1.701400161612162e-05	0.635
E030-H3K9me3	0.006596557145270559	6914.30377202354	0.0	0.005
E030-RNAseq	-0.1057844672217994	12458.46648352275	0.0	0.01
E031-H3K27me3	0.011576326214799449	110.992125444009	-0.0	0.0
E031-H3K36me3	-0.0031328643790400137	1459.9458930185324	-0.0	0.0
E031-H3K4me1	-0.06730162906404055	3752.701234343012	0.0	0.13
E031-H3K4me3	-0.0074482307377828575	712.095090381596	-0.0	0.0
E031-H3K9me3	0.008537486916049934	135.77653441692792	-0.0	0.0
E031-RNAseq	-0.1013983869392584	13683.617948840509	-0.0	0.0
E032-DNase	-0.20540274914405995	6662.371013386277	0.0	0.0
E032-H3K27ac	-0.12134298547897487	981.2625709287728	8.722489606892746e-05	0.76
E032-H3K27me3	-0.06833239113002967	9851.005344287496	-0.0	0.03
E032-H3K36me3	-0.08419983391540818	6693.643300686062	0.0	0.1
E032-H3K4me1	-0.11569700878947434	3575.567447554801	-0.0001935546935635112	0.92
E032-H3K4me3	-0.10278608926215158	1067.5069524386101	2.5562788060625074e-05	0.635
E032-H3K9me3	-0.0025628602183184962	7247.4666416343625	0.0	0.0
E032-RNAseq	-0.10475226172733892	13658.080194211097	-0.0	0.0
E033-DNase	-0.21051328318640689	6030.1436710128855	0.0	0.0
E033-H3K27me3	-0.02589985614228199	2179.715183102018	-0.0	0.03
E033-H3K36me3	-0.04190125341196827	5947.280559644011	-0.0	0.015
E033-H3K4me1	-0.03584684029604525	1999.9846659530026	-0.0	0.0
E033-H3K4me3	-0.030214864734955712	1165.3803086614168	-0.00047217890677652124	0.435
E033-H3K9me3	0.016123166375018913	1548.3762058508796	0.0	0.0
E033-RNAseq	-0.10857226710227938	13298.750293061	-0.0	0.0
E034-DNase	-0.2001741194939968	5895.573508742825	0.0	0.0
E034-H3K27ac	-0.08546713038337606	1060.54741578957	0.0003294436111992875	0.8
E034-H3K27me3	-0.11982827632793856	8566.984415109735	-0.0	0.0
E034-H3K36me3	-0.08430455621578824	6350.230894808672	0.0	0.02
E034-H3K4me1	-0.11292202257771514	2866.9546043923756	0.00015504467153814122	0.665
E034-H3K4me3	-0.13261858516245625	1159.1746850460718	0.0	0.525
E034-H3K9me3	0.01518997763571547	5978.353890866214	0.0	0.005
E034-RNAseq	-0.10560679025932578	13221.300713388258	-0.0	0.0
E035-H3K27me3	-0.042509289998591174	8357.885198724707	-0.0	0.075
E035-H3K36me3	-0.06063748513700151	7475.712193082357	-0.00016450091506961596	0.255
E035-H3K4me1	-0.10295031206774463	4917.318276601275	-0.0	0.045
E035-H3K4me3	-0.09080516637670251	1271.265403596604	-0.0	0.115
E035-H3K9me3	-0.0404840063532608	5491.680229993175	-0.0	0.0
E035-RNAseq	-0.10897669953767146	13084.59592297599	-0.0	0.0
E036-H3K27me3	-0.05979069631251313	12527.360428475755	-0.0	0.0
E036-H3K36me3	-0.09589741958239971	6903.608363871696	0.0	0.16
E036-H3K4me1	-0.15343617222865244	6975.032997918589	-0.0	0.14
E036-H3K4me3	-0.1222146329608987	1451.2530190560299	0.0	0.235
E036-H3K9me3	-0.05250585244668618	6620.718407220222	-0.0	0.0
E036-RNAseq	-0.10827901483233958	12522.366299028616	0.0	0.05
E037-H3K27ac	-0.11568192000866323	1313.2717453729326	-5.3920625418965415e-05	0.385
E037-H3K27me3	-0.0698920308861868	7372.1012739371845	-0.0	0.0
E037-H3K36me3	-0.06973860068405835	4830.045459886504	0.0	0.0
E037-H3K4me1	-0.13396727212106724	4250.095527702173	0.0	0.14
E037-H3K4me3	-0.05101690923950576	1802.5258702293984	0.0	0.0
E037-H3K9me3	0.030287683236930433	5241.916051005673	0.0	0.055
E037-RNAseq	-0.10456940970438221	12452.23590374311	-0.0	0.045
E038-H3K27ac	-0.09315534394529067	862.1969768960068	0.0	0.03
E038-H3K27me3	-0.0698742412724628	6106.630096255747	-0.0	0.0
E038-H3K36me3	-0.08715444906910333	5061.66325071182	0.0	0.0
E038-H3K4me1	-0.11152924546429901	4288.933476033455	0.0	0.065
E038-H3K4me3	-0.06235051456630391	1864.8207522157084	0.0	0.0
E038-H3K9ac	-0.10050046220843986	1391.9442408660311	-0.0	0.01
E038-H3K9me3	0.02039892042231036	3536.39095251804	0.0	0.04
E038-RNAseq	-0.1084680592169486	12692.028869307813	-0.0	0.02
E039-H3K27ac	-0.10752592598177195	1233.8525883077987	-0.0	0.37
E039-H3K27me3	-0.05553817054358908	8868.727893600886	-0.0	0.0
E039-H3K36me3	-0.08466349666540433	5989.574755898261	0.0	0.01
E039-H3K4me1	-0.11374455346142784	4709.993430235693	0.0	0.23
E039-H3K4me3	-0.07828125820251156	1618.8177312630844	0.00032299002116702717	0.37
E039-H3K9me3	0.020876628210483784	5189.562477703407	0.0	0.0
E039-RNAseq	-0.10981852306938988	12797.398384889282	-0.0	0.055
E040-H3K27ac	-0.1255265711613292	1258.5808666479713	0.0	0.17
E040-H3K27me3	-0.07929266255416242	10307.655741385355	-0.0	0.0
E040-H3K36me3	-0.06840994402004057	4837.760693593512	0.0	0.0
E040-H3K4me1	-0.12122940648799718	4623.844042028212	0.0	0.18
E040-H3K4me3	-0.0545793500631553	1866.7209377067238	0.0	0.0
E040-H3K9me3	0.03484671336654971	5076.25080556616	0.0	0.045
E040-RNAseq	-0.09803523796938336	12148.35739023814	-0.0	0.145
E041-H3K27ac	-0.13049344806846902	1840.0620657285685	-9.858722771194058e-05	0.885
E041-H3K27me3	-0.06834827276817	10695.641291642867	-0.0	0.0
E041-H3K36me3	-0.09175247270793772	5522.303195292083	0.0	0.05
E041-H3K4me1	-0.13471082223498085	5053.739760503104	-0.0	0.25
E041-H3K4me3	-0.07272224228094443	1501.656705525308	0.0	0.425
E041-H3K9me3	0.03198196215645765	5868.185587210136	0.0	0.0
E041-RNAseq	-0.10847997743879718	12634.228978996618	-0.0	0.04
E042-H3K27ac	-0.14483929819195493	1397.679605087157	-9.685030280214722e-05	0.62
E042-H3K27me3	-0.06829969039990777	12364.585443039525	-0.0	0.0
E042-H3K36me3	-0.07839700205476739	5848.29331026906	-0.0	0.015
E042-H3K4me1	-0.09595498002331565	4262.263117173118	0.0	0.215
E042-H3K4me3	-0.06623502948846033	1716.7040438429624	0.00018827110276768363	0.255
E042-H3K9me3	0.03661557194433765	8698.177522998105	0.015480108731646456	0.475
E042-RNAseq	-0.10621007619849786	12624.878723817359	-0.0	0.01
E043-H3K27ac	-0.0847725417029071	1167.5744285423111	-0.0	0.155
E043-H3K27me3	-0.0627750739076869	12793.773909817877	-0.0	0.0
E043-H3K36me3	-0.09409907921381708	5683.068314920484	3.939468948118988e-05	0.37
E043-H3K4me1	-0.12318873953419515	4832.427297254456	0.0	0.07
E043-H3K4me3	-0.09374717387406585	1347.160599360745	0.0	0.205
E043-H3K9me3	0.031127292698543686	5233.623342999349	0.0	0.0
E043-RNAseq	-0.11007424887060681	12758.683856423117	-0.0	0.115
E044-H3K27ac	-0.06121584838671336	876.9397495672027	-0.0001988696153801646	0.945
E044-H3K27me3	-0.08041316720151756	11577.261572660102	-0.0	0.065
E044-H3K36me3	-0.08155868179153546	5651.832821613239	0.0	0.13
E044-H3K4me1	-0.1043206271047154	4434.6986893447465	-0.0	0.025
E044-H3K4me3	-0.08568155391235151	1353.506921371968	0.0	0.31
E044-H3K9me3	0.04268774771662553	9458.54941913067	0.0	0.465
E044-RNAseq	-0.10137353495404182	12654.954718526074	-0.0	0.005
E045-H3K27ac	-0.08525649964128834	1105.7770794432777	0.0	0.19
E045-H3K27me3	-0.06807775704206664	7939.456903403188	-0.0	0.0
E045-H3K36me3	-0.07755394656112923	5954.778556060179	0.0	0.03
E045-H3K4me1	-0.09676119819150658	4403.996901841864	0.0	0.0
E045-H3K4me3	-0.057978895173240466	1612.871918450579	0.0	0.145
E045-H3K9me3	0.035444442487620784	5230.221587898954	0.0	0.225
E045-RNAseq	-0.10747865834347174	12653.224335371335	-0.0	0.0
E046-DNase	-0.21685202226003716	6297.951388831941	0.0	0.0
E046-H3K27ac	-0.1029105949077444	1195.8613676535308	5.35659407849981e-05	0.855
E046-H3K27me3	-0.07532345837141023	11715.637644155528	-0.0	0.0
E046-H3K36me3	-0.07132177503609892	6120.15755606241	-0.0	0.3
E046-H3K4me1	-0.12474829378319387	2595.788123443966	0.0	0.655
E046-H3K4me3	-0.07955837144176721	1084.0050979766834	0.0	0.28
E046-H3K9me3	-0.021297658578809473	8574.541870251389	0.0	0.31
E046-RNAseq	-0.10197264044941522	12641.743513330808	-0.0	0.0
E047-H3K27ac	-0.10071009704287755	874.2228353884238	-0.0	0.16
E047-H3K27me3	-0.05593749753703347	8797.41141935657	-0.0	0.0
E047-H3K36me3	-0.07518658384092831	4801.808132501861	0.0	0.0
E047-H3K4me1	-0.13521706152725693	4477.3214567245905	0.0	0.115
E047-H3K4me3	-0.07104128935665045	1227.0999828386682	0.0	0.07
E047-H3K9ac	-0.09262147622116196	1474.6710364904552	-0.0	0.005
E047-H3K9me3	0.011651375472346055	4636.071059691771	0.0	0.0
E047-RNAseq	-0.11013299205238071	12512.646643992397	-0.0	0.0
E048-H3K27ac	-0.13381631115565315	1286.9241741220533	0.0	0.315
E048-H3K27me3	-0.06961323112558959	9128.058806252879	-0.0	0.0
E048-H3K36me3	-0.07770070074324795	5338.4789314484715	0.0	0.0
E048-H3K4me1	-0.11027883361058297	4487.021451708706	0.0	0.01
E048-H3K4me3	-0.06063898986674252	1997.1814191448834	0.0	0.0
E048-H3K9me3	0.020084061015612026	4290.036170702517	0.0	0.115
E048-RNAseq	-0.10451190115608694	12088.258160672907	-0.00019925871986872253	0.175
E049-H3K27ac	-0.18117825024502168	3010.90315032271	1.6409466638049912e-05	0.81
E049-H3K27me3	-0.04724374225237601	15279.024681350651	-0.0	0.0
E049-H3K36me3	-0.09888011957440007	6149.049295449746	0.00037554030263803876	0.515
E049-H3K4me1	-0.1919990258739719	12060.956979863733	0.0	0.085
E049-H3K4me3	-0.11495877933901133	1761.7351233155644	0.0	0.365
E049-H3K9ac	-0.1416887430316563	1827.4408541497437	0.0	0.04
E049-H3K9me3	0.02581082603720236	13723.93364814723	0.0	0.01
E049-RNAseq	-0.10221522369979219	12450.289925118146	-0.0	0.0
E050-DNase	-0.2369225265098399	10161.359890137268	0.0	0.0
E050-H3K27ac	-0.10994915345452802	1280.3457758865882	0.0005020711296907735	0.945
E050-H3K27me3	-0.0482346873506141	6226.189104419055	-0.0	0.0
E050-H3K36me3	-0.08633888521578814	6522.920105583904	-0.0	0.06
E050-H3K4me1	-0.16796583435701673	7136.1624391846335	0.0	0.205
E050-H3K4me3	-0.10157171400619626	1524.4637783304192	0.0	0.12
E050-H3K9me3	-0.04674007706323754	8348.42134923925	-0.0	0.0
E050-RNAseq	-0.10483066666117741	14199.128224313432	-0.0	0.0
E051-DNase	-0.24736700934427572	9052.777954427502	0.0	0.0
E051-H3K27me3	-0.06014061332668255	6246.553257274028	-0.0	0.22
E051-H3K36me3	-0.09127113249239353	6073.821043466072	-0.0	0.23
E051-H3K4me1	-0.15338209157963767	6430.899344796925	-3.5642433248985985e-05	0.665
E051-H3K4me3	-0.12439336402668094	1738.095053982423	-0.00012865331166489816	0.925
E051-H3K9me3	-0.09054227089868594	11396.679624644963	-0.0	0.035
E051-RNAseq	-0.10593092927731715	13218.637920787487	0.0	0.0
E052-H3K27me3	-0.05249404900885207	15296.550607235135	-0.0	0.0
E052-H3K36me3	-0.06055668769354282	7286.474614073031	-0.0	0.0
E052-H3K4me1	-0.17837411946045623	9550.448661766797	-0.0	0.29
E052-H3K4me2	-0.18985162423316898	3363.301862903784	1.8192770829225842e-05	0.505
E052-H3K4me3	-0.07971079023485168	1770.8114797374772	0.0	0.025
E052-H3K9ac	-0.15733131224924135	1861.1171448755968	0.0	0.435
E052-H3K9me3	0.0357645926649954	16873.839890685584	0.0	0.0
E052-RNAseq	-0.09546209916036844	11680.530573733207	-0.0	0.01
E053-H3K27me3	-0.04932997671253927	5761.220267376782	-0.0008024756032707892	0.335
E053-H3K36me3	-0.09050673954421362	9960.988821929277	-0.0	0.01
E053-H3K4me1	-0.1561937132710307	11652.792598541064	-0.0	0.2
E053-H3K4me3	-0.09284142783191704	1318.6944822384226	-1.3309056063383534e-05	0.605
E053-H3K9me3	-0.08297048880963663	6861.056842659462	-0.0	0.005
E053-RNAseq	-0.09629589709910809	18100.86230165891	-0.0	0.005
E054-H3K27me3	-0.043499420932501386	7674.166465621635	-0.0	0.0
E054-H3K36me3	-0.08625182319654147	9531.439133873699	0.0	0.01
E054-H3K4me1	-0.1451853784136247	12638.531129357325	-0.0	0.005
E054-H3K4me3	-0.10812755242879726	1585.3377106242751	-0.0001943007788312237	0.67
E054-H3K9me3	-0.09330235332065495	8906.547040919919	-0.0	0.0
E054-RNAseq	-0.09773512785644321	18434.281678066836	-0.0	0.0
E055-DNase	-0.2406419180419806	15022.725190240608	0.0	0.135
E055-H3K27ac	-0.12280911556916572	3604.033468767035	0.0	0.015
E055-H3K27me3	-0.09753870178263192	9429.817796060921	-0.000686823979945781	0.32
E055-H3K36me3	-0.1054377778276204	7974.34597266436	0.0	0.005
E055-H3K4me1	-0.14569892849549926	13216.746571007352	0.0	0.0
E055-H3K4me3	-0.1419994035115407	1967.282075570107	-0.0002295583784524845	0.735
E055-H3K9me3	0.01877593063430617	16211.608205350465	0.0	0.24
E055-RNAseq	-0.09264350407563095	14213.94988969473	-0.0	0.115
E056-DNase	-0.23782727198396564	15177.982978689166	0.0	0.06
E056-H3K27ac	-0.13174620076392682	3816.7624624622786	0.0	0.0
E056-H3K27me3	-0.08665060971858637	11617.583800947255	-0.0	0.005
E056-H3K36me3	-0.10354708270365151	9174.004382971512	-0.0	0.0
E056-H3K4me1	-0.12696277958378888	13942.214642119761	0.0	0.0
E056-H3K4me3	-0.1314613104854585	2078.920371781037	-0.0003574634073919027	0.47
E056-H3K9me3	0.03505851283249353	18266.780655067756	0.0	0.395
E056-RNAseq	-0.09461302226715676	13298.853056221315	-0.0	0.0
E057-DNase	-0.254508134192995	15280.04485724584	0.0	0.01
E057-H3K27me3	-0.04210625887913419	3991.868078361082	0.0	0.0
E057-H3K36me3	-0.0603730361195467	6527.598147362095	0.0	0.035
E057-H3K4me1	-0.14171003755906025	11694.716043488774	-0.0	0.01
E057-H3K4me3	-0.07398813916596629	1573.4364751294602	-0.00010089016494066772	0.625
E057-H3K9me3	-0.0057953992574007315	7637.417083788813	0.0005727849339589915	0.405
E057-RNAseq	-0.0987713617173728	12544.873383486603	-0.0	0.18
E058-H3K27ac	-0.13252081945528338	3317.790381572913	-0.0	0.01
E058-H3K27me3	-0.06483927770460361	3446.9708183907564	-0.0	0.0
E058-H3K36me3	-0.11905890820700038	6970.215433514281	-0.0004479302098935009	0.78
E058-H3K4me1	-0.17464899751020382	12555.994420445555	-0.0	0.01
E058-H3K4me3	-0.16532842025033645	1597.7565351572268	7.497391972668332e-05	0.865
E058-H3K9me3	-0.0022854179587802658	14889.767031472795	0.0	0.26
E058-RNAseq	-0.09724334139472925	13020.124018037342	-0.002548476072918501	0.415
E059-DNase	-0.25950136723347395	14860.9367064875	-0.0008732024287666513	0.97
E059-H3K27ac	-0.09069002241149088	5642.291429948707	-0.0	0.0
E059-H3K27me3	-0.056283593402873804	9672.172901890153	-0.0	0.0
E059-H3K36me3	-0.08231077352698558	9009.52632055782	-0.0	0.0
E059-H3K4me1	-0.10762824237704555	10859.073775851786	-0.0	0.0
E059-H3K4me3	-0.10350755442377006	1811.255352575469	-0.0	0.335
E059-H3K9me3	-0.04849725301296837	7351.0576865822495	0.0	0.0
E059-RNAseq	-0.09912586354304814	14640.799019217127	-0.0	0.0
E061-H3K27ac	-0.13850751065592418	3020.2871598471174	-0.0	0.08
E061-H3K27me3	-0.04203498626926224	7851.354469084104	0.0	0.0
E061-H3K36me3	-0.10456703905409155	6977.8395610054295	-0.0	0.135
E061-H3K4me1	-0.17186826570280886	13239.20072528293	-0.0	0.1
E061-H3K4me3	-0.11561956661926356	1404.113184545094	-0.00013567694243438264	0.755
E061-H3K9me3	-0.012545236508363904	7880.085807550067	0.0014982495297270625	0.445
E061-RNAseq	-0.10005833546407103	15754.3049483291	-0.0	0.0
E062-H3K27ac	-0.1121217490678552	2838.5478700296817	-0.0	0.045
E062-H3K27me3	-0.07550419577697794	7112.236249431901	-0.0	0.0
E062-H3K36me3	-0.09424347830512042	4699.429979944987	-0.0	0.205
E062-H3K4me1	-0.12014342143058276	9616.288004976414	-0.0	0.0
E062-H3K4me3	-0.06419510150141405	1301.771198817216	0.0	0.025
E062-H3K9ac	-0.12829701581728545	5254.6617695540735	-6.636005407278276e-05	0.255
E062-H3K9me3	0.0096422760816338	5876.123610955759	0.0	0.05
E062-RNAseq	-0.112226668331869	13603.519347058365	-0.0	0.0
E063-H3K27ac	-0.1365390048074569	3153.5199679611896	0.0	0.55
E063-H3K27me3	-0.03398753049704618	9366.910343610682	0.0	0.0
E063-H3K36me3	-0.10185121774553318	6206.658545820209	0.0	0.03
E063-H3K4me1	-0.17395078664093147	9971.453554386526	0.0	0.205
E063-H3K4me3	-0.106742995585632	1935.5965295764952	0.0	0.315
E063-H3K9ac	-0.12387854153465638	3129.5953157754006	-0.0	0.005
E063-H3K9me3	-0.01881214487558661	7643.628635478002	0.0	0.0
E063-RNAseq	-0.11314191977588879	18508.123273017332	-0.0	0.0
E065-H3K27ac	-0.08347493039581778	2006.931376214109	0.00028548302942055606	0.715
E065-H3K27me3	-0.02628653640954839	2914.9439566086558	0.0	0.0
E065-H3K36me3	-0.07539115214730133	3637.1307116116764	-0.0	0.0
E065-H3K4me1	-0.09812490352565778	5361.604689157412	-0.0	0.0
E065-H3K4me3	-0.04425028703530663	1070.9953354591644	0.0	0.0
E065-H3K9me3	-0.04259429963905788	5577.9197556288955	0.0	0.005
E065-RNAseq	-0.10682182392989122	14364.363516560843	-0.0	0.0
E066-H3K27ac	-0.13502167831861295	2383.8103419248278	-0.0	0.745
E066-H3K27me3	0.023686036735694013	2102.69058780883	0.0	0.07
E066-H3K36me3	-0.086310600659319	6534.709608454679	-2.7405743018387912e-06	0.355
E066-H3K4me1	-0.15325683811580032	8157.684585424355	-0.0	0.26
E066-H3K4me3	-0.07301966157138055	2049.4360003928664	-0.0	0.085
E066-H3K9ac	-0.10871833907420374	2021.0190142312752	-0.0	0.01
E066-H3K9me3	0.017860576437774656	4724.6166968334155	0.0	0.025
E066-RNAseq	-0.11061090822484093	16180.842620885616	-0.0	0.0
E067-H3K27ac	-0.12949332645221895	4744.502052588511	-0.0	0.165
E067-H3K27me3	-0.03472754244389845	6374.738792737212	0.0	0.015
E067-H3K36me3	-0.09477907877346521	7144.7214755445875	-0.0	0.0
E067-H3K4me1	-0.14294434887807203	11974.315087842102	-0.0	0.03
E067-H3K4me3	-0.10455562133797018	2149.69967480685	-0.00023079630755346936	0.275
E067-H3K9ac	-0.1312562037388302	4571.81896516974	-0.0001243760801578873	0.245
E067-H3K9me3	-0.024918826202996954	5838.862007404898	0.0	0.0
E067-RNAseq	-0.11236906165513438	22365.40194643279	-0.0	0.0
E068-H3K27ac	-0.13843847880986238	4906.730497647319	0.0	0.025
E068-H3K27me3	-0.013546009377495765	5235.484679534419	0.0	0.005
E068-H3K36me3	-0.09624593930709986	7359.863403580104	-0.0	0.005
E068-H3K4me1	-0.15065677280776793	12777.93509592642	-0.0	0.0
E068-H3K4me3	-0.1187560433905101	2302.8157368449347	-0.0	0.195
E068-H3K9ac	-0.12624746566373346	4016.8315020990453	-0.0	0.005
E068-H3K9me3	-0.028410296930116274	8714.585856858324	0.0	0.0
E068-RNAseq	-0.11144619210964113	22385.629217585014	-0.0	0.0
E069-H3K27ac	-0.12899339732003368	4432.665193157518	-0.0	0.03
E069-H3K27me3	-0.03512160594024163	6518.886480065202	0.0	0.0
E069-H3K36me3	-0.09243409199961655	7261.554290782519	-0.0	0.0
E069-H3K4me1	-0.13958419929929122	11209.608344122133	-0.0	0.015
E069-H3K4me3	-0.10151902166115911	2209.4769655581613	-0.0	0.02
E069-H3K9ac	-0.12547742158953326	4474.494908485132	-0.0	0.015
E069-H3K9me3	-0.02327490650667274	7146.595385264855	0.0	0.02
E069-RNAseq	-0.1131917741970723	22373.212028763042	-0.0	0.0
E070-H3K27me3	-0.0754382858100663	2987.0946992476884	-0.0	0.035
E070-H3K36me3	-0.07273602705877666	6195.364276312279	-0.0	0.02
E070-H3K4me1	-0.1158426583344785	10203.98005723592	0.0	0.0
E070-H3K4me3	-0.08729874307637603	1627.6851989411246	-3.866615331411737e-06	0.365
E070-H3K9me3	-0.0529607618614409	4488.855753350366	-0.0	0.005
E070-RNAseq	-0.0960875698573994	19305.181745494327	-0.0	0.0
E071-H3K27ac	-0.14072000376949825	3362.2187942871637	-0.0	0.17
E071-H3K27me3	-0.037271454712689125	6422.777894977818	0.0	0.0
E071-H3K36me3	-0.10184358894487448	7139.768886634485	0.0	0.015
E071-H3K4me1	-0.17591621980895883	11309.654699954828	-0.0	0.15
E071-H3K4me3	-0.12907297259379522	2157.8462032959	-0.00042837090564332094	0.335
E071-H3K9me3	-0.035338157296753485	8892.553870797445	0.0	0.0
E071-RNAseq	-0.10085044067141449	18149.55344199774	-0.0	0.0
E072-H3K27ac	-0.12993062355338708	4646.667921105526	-0.0	0.17
E072-H3K27me3	-0.02962393838851171	6390.474908550855	0.0	0.0
E072-H3K36me3	-0.09701594630443039	7216.692295114787	-0.0	0.0
E072-H3K4me1	-0.14303841911799392	10798.496482239936	-0.0	0.105
E072-H3K4me3	-0.11045210986395078	2258.0546563366343	-0.0	0.105
E072-H3K9ac	-0.1305140427938963	3988.717832128627	-0.0	0.07
E072-H3K9me3	-0.03725165303542279	8389.9534583214	0.0	0.0
E072-RNAseq	-0.11253232220755256	22334.406393755242	-0.0	0.0
E073-H3K27ac	-0.12412786989153857	5525.672278608681	-0.0	0.0
E073-H3K27me3	-0.05807281150916327	8925.481387679307	0.0	0.0
E073-H3K36me3	-0.0948474775261023	7473.173666499535	-0.0	0.01
E073-H3K4me1	-0.13266443348342383	11158.044327814818	-0.0	0.015
E073-H3K4me3	-0.10315217176717789	2211.274995150524	-0.0	0.0
E073-H3K9ac	-0.12356089112091595	4428.767771136429	-0.0	0.005
E073-H3K9me3	-0.0279609575745054	6719.036929610277	0.0	0.0
E073-RNAseq	-0.11193583693735863	22357.115368276023	-0.0	0.0
E074-H3K27ac	-0.12369977799499929	3253.482181909818	-0.0003981503071776746	0.595
E074-H3K27me3	-0.021992102338997378	5973.80803653563	0.0	0.0
E074-H3K36me3	-0.08454037448357976	6805.271897574969	-0.0	0.0
E074-H3K4me1	-0.144394086510494	11554.54931448633	-0.0	0.025
E074-H3K4me3	-0.10397278807425515	2542.171187105571	-0.0	0.045
E074-H3K9ac	-0.12364054868086795	4501.324414410523	-0.0	0.045
E074-H3K9me3	-0.02816460805485136	7283.19337561082	0.0	0.0
E074-RNAseq	-0.1140980702649596	21797.68277259204	-0.0	0.0
E075-H3K27ac	-0.10349679551748638	2028.0307571534333	0.0	0.195
E075-H3K27me3	-0.06990611626611429	5878.3252844158105	-0.0	0.0
E075-H3K36me3	-0.04921416325202842	3572.106932521891	0.0	0.015
E075-H3K4me1	-0.09007725067579544	5038.559251605749	-0.0	0.0
E075-H3K4me3	-0.06611628579823915	1641.1081918694967	0.0	0.08
E075-H3K9ac	-0.08014899576340906	2323.9189852887057	0.0	0.0
E075-H3K9me3	0.008181147576950158	4645.552572536602	0.0	0.0
E075-RNAseq	-0.10806316079285645	14059.245028068748	-0.0	0.0
E076-H3K27ac	-0.11212372944788981	3527.46341864327	-0.0	0.085
E076-H3K27me3	-0.06076917501863849	3917.3393286255764	0.0	0.0
E076-H3K36me3	-0.09675282279127627	7589.98392206699	0.0	0.0
E076-H3K4me1	-0.16050615320110317	11199.660361912265	-0.0	0.015
E076-H3K4me3	-0.10723446998610152	2506.297892839725	-0.0	0.0
E076-H3K9ac	-0.13439794433755986	2736.117451712996	-0.0	0.0
E076-H3K9me3	-0.04171218680423836	5386.635456820086	0.0	0.0
E076-RNAseq	-0.11580054672985271	19236.955742960075	-0.0	0.0
E077-H3K27me3	-0.05770771284673405	8589.947426754443	-0.0	0.0
E077-H3K36me3	-0.10208157842991679	6121.955400145388	0.0	0.02
E077-H3K4me1	-0.14273135136849635	8705.26924402319	-0.0	0.0
E077-H3K4me3	-0.08397392558883308	2010.3041058402239	-0.0	0.02
E077-H3K9ac	-0.10092226610065705	2600.623706128112	0.0	0.0
E077-H3K9me3	0.003807534545323292	15578.546247032322	0.0	0.26
E077-RNAseq	-0.10488976246157651	13529.424335337659	-0.0	0.0
E078-H3K27ac	-0.1357129865551218	2532.5744024722303	-0.00032456704674982596	0.42
E078-H3K27me3	-0.05058492235869508	5083.395662723854	0.0	0.0
E078-H3K36me3	-0.1136171677614519	7492.447825443081	-0.0	0.16
E078-H3K4me1	-0.1540093691781941	10513.984596716748	-0.0	0.005
E078-H3K4me3	-0.11669067065665337	2191.5240106901465	-0.0	0.16
E078-H3K9me3	-0.016141602394943125	7807.504437569714	0.0	0.0
E078-RNAseq	-0.11609527040026252	18596.423437161782	-0.0	0.0
E079-H3K27ac	-0.11495771606631808	2246.141110939663	1.5961975327010909e-06	0.43
E079-H3K27me3	-0.049474692807782605	5474.080523390377	0.0	0.0
E079-H3K36me3	-0.10620442610233846	7245.7643564634	0.0	0.0
E079-H3K4me1	-0.15370076239329294	10680.873734630684	-0.0	0.0
E079-H3K4me3	-0.10223412637395961	1321.5474206287265	-3.3813468071953446e-05	0.275
E079-H3K9me3	-0.0869301731450197	7794.20821551359	0.0	0.0
E079-RNAseq	-0.1093153251441844	14033.282025924183	-0.0	0.0
E080-DNase	-0.26491391121794294	13046.84801925623	0.0	0.05
E080-H3K27ac	-0.13494756448094838	3007.3658268862378	-0.00012200839439878944	0.695
E080-H3K27me3	-0.1167859244734783	4790.9104623406265	-0.00010484985098963337	0.205
E080-H3K36me3	-0.11685050018699199	5686.614187640617	7.965032544517287e-05	0.24
E080-H3K4me1	-0.1878586046821002	8995.579597613414	0.0	0.08
E080-H3K4me3	-0.10419161825259053	1331.6586672884662	9.396386262255934e-05	0.595
E080-H3K9me3	-0.07051657794151175	4624.194320551909	0.0	0.215
E080-RNAseq	-0.10099477927316826	14447.374855554475	-0.0	0.0
E081-DNase	-0.2647456702900845	20247.529703721655	0.0	0.005
E081-H3K27me3	-0.058898503961764194	4631.276295692224	-0.0	0.005
E081-H3K36me3	-0.07651594823811105	5172.4262747160365	-0.0	0.0
E081-H3K4me1	-0.182843986994468	7866.397188787221	-0.0	0.265
E081-H3K4me3	-0.0521773143948606	1699.956807556381	-0.0	0.0
E081-H3K9me3	-0.034283801422679366	4517.996935412785	0.0	0.0
E081-RNAseq	-0.09860409428616662	17287.981410847144	-0.0	0.0
E082-DNase	-0.2649950991598721	19119.885790566554	0.0	0.0
E082-H3K27me3	-0.07537572435622154	4633.079817772721	-0.0	0.005
E082-H3K36me3	-0.10515046845914731	7707.507917877643	0.0	0.02
E082-H3K4me1	-0.1496205646789301	13010.640929291878	-0.0	0.0
E082-H3K4me3	-0.13192889920607362	1692.0141614549223	0.00010432100209500161	0.975
E082-H3K9me3	-0.08460372748034639	5837.54501101011	0.0	0.025
E082-RNAseq	-0.09805772196886696	17032.696287590523	-0.0	0.035
E083-DNase	-0.23785893715078332	12895.278403843895	0.0	0.18
E083-H3K27me3	-0.0827124724766569	3307.9813441953083	0.0	0.115
E083-H3K36me3	-0.08515942347527489	5399.49108226574	-0.0	0.0
E083-H3K4me1	-0.16225299327217854	10144.674619236686	0.0	0.09
E083-H3K4me3	-0.07183708943576114	5944.620042303014	0.0	0.0
E083-H3K9ac	-0.12227938576474538	2508.062933041886	0.0	0.23
E083-H3K9me3	-0.03767748876006282	5097.574937260757	0.0	0.0
E083-RNAseq	-0.09981788116169435	13764.647254187006	-0.0	0.0
E084-DNase	-0.23141513867634708	8518.17801214239	-0.0	0.0
E084-H3K27ac	-0.1393585806488932	2206.0507689605547	-4.8566343741310144e-05	0.79
E084-H3K27me3	-0.045836977079840434	3827.2401313134324	-0.0	0.005
E084-H3K36me3	-0.09904861919231332	8467.426463961649	-0.0012909855670878228	0.56
E084-H3K4me1	-0.14601295528977506	7164.008976601168	-0.00029293404513819576	0.315
E084-H3K4me3	-0.06885159261600138	1275.7475691730383	0.00042723181172486346	0.625
E084-H3K9me3	-0.07777986633730635	4820.030384456675	0.0011784063101661951	0.425
E084-RNAseq	-0.10516295299330487	13989.39662944059	-0.0	0.015
E085-DNase	-0.22096544373654625	6468.254906339726	-0.0	0.0
E085-H3K27ac	-0.16274711426007027	2140.2215775660843	8.609821179646733e-06	0.355
E085-H3K27me3	-0.07030824676458536	3699.8849033456163	-0.0	0.0
E085-H3K36me3	-0.13877081527394783	6841.144464997238	-0.0	0.16
E085-H3K4me1	-0.1553776143796105	8137.548606575379	-0.0	0.3
E085-H3K4me3	-0.09921658378072773	1357.8274257403489	-0.0005502971261658041	0.85
E085-H3K9me3	-0.08368349864786083	9202.28350683124	-0.0	0.0
E085-RNAseq	-0.10539490855736172	13645.484080822765	-0.0	0.0
E086-DNase	-0.24807312818740557	15876.040467064688	-0.0	0.005
E086-H3K27me3	-0.06168858181957753	2621.8363187487944	0.0	0.0
E086-H3K36me3	-0.08120924101825017	5996.026734924455	-0.0	0.0
E086-H3K4me1	-0.13812634599974938	10876.626071293314	-0.0	0.03
E086-H3K4me3	-0.0906051723280052	1351.5424608749865	-0.0	0.06
E086-H3K9ac	-0.09950182799009913	1429.2740737261315	-0.0	0.01
E086-H3K9me3	-0.03262649053611889	1932.412843692384	-0.0	0.0
E086-RNAseq	-0.1055892607431292	13745.975392092292	-0.0	0.0
E087-H3K27ac	-0.0564893112126995	1879.1891724789043	0.0	0.025
E087-H3K27me3	-0.004106226326066989	7595.6779233524685	0.004209366337509896	0.48
E087-H3K36me3	-0.04997248786371985	1389.2738263128188	0.0	0.005
E087-H3K4me1	-0.12946487728460368	7634.458616714222	-0.0017771497857987188	0.505
E087-H3K4me3	-0.020534273675321024	1138.6733590447543	5.0207907830371237e-05	0.29
E087-H3K9ac	-0.032798632159323014	958.4859613075422	0.0	0.0
E087-H3K9me3	0.0023507168602828836	3208.122308786118	0.0	0.0
E087-RNAseq	-0.10409349827783802	15486.35727442872	-0.0	0.0
E088-DNase	-0.2607105661638979	18196.448830453166	-0.0	0.015
E088-H3K27me3	-0.061589682431374956	4104.846086490314	-0.0	0.005
E088-H3K36me3	-0.08080005541564725	9475.563713386193	0.0	0.02
E088-H3K4me1	-0.16109029034557965	13730.134587138402	-0.0	0.045
E088-H3K4me3	-0.10683428368792512	2042.4298313478394	0.0	0.02
E088-H3K9ac	-0.12455250353820972	2284.168559032847	-0.0	0.01
E088-H3K9me3	-0.017475288468792788	6742.411020987864	0.0	0.0
E088-RNAseq	-0.10059562989236946	16309.606607173386	-0.0	0.0
E089-DNase	-0.2535611651333066	14122.933758097595	0.0	0.025
E089-H3K27ac	-0.14541859061125254	2206.401089409376	-0.0	0.345
E089-H3K27me3	-0.1208033634462605	1866.0596055831545	0.00048202422329480003	0.72
E089-H3K36me3	-0.09088222604524782	7225.887650415094	0.0	0.13
E089-H3K4me1	-0.1386203072366549	5550.016091462123	0.0	0.15
E089-H3K4me3	-0.1042828901050401	1366.8414981411802	0.00024952986050812197	0.5
E089-H3K9me3	-0.039050830514464195	10545.311503109204	0.0	0.0
E089-RNAseq	-0.10201007837633494	13934.37565347903	-0.0	0.0
E090-DNase	-0.2497987895538891	15263.582065782419	0.0	0.04
E090-H3K27ac	-0.15629715188601015	2470.350817424496	-0.00036849443238672595	0.88
E090-H3K27me3	-0.09220049405130104	2146.415527732581	0.00026384600093867045	0.385
E090-H3K36me3	-0.10648751327187848	8109.845011881018	0.0	0.02
E090-H3K4me1	-0.1513826034093846	8212.454869349938	-0.0	0.015
E090-H3K4me3	-0.10075182015808296	1329.7939083010442	-0.0	0.245
E090-H3K9me3	-0.06419047493965463	12722.481797675253	0.0	0.0
E090-RNAseq	-0.10340857017249654	14490.374873962808	-0.0	0.0
E091-DNase	-0.2406137288857571	13499.169098295915	-0.0	0.08
E091-H3K27ac	-0.14195151225823444	2802.3732392823263	-9.253495344085756e-06	0.645
E091-H3K27me3	-0.10739678532494153	9187.568448773425	-0.0	0.0
E091-H3K36me3	-0.07282008673081904	5979.262653449385	0.00030502679467098935	0.38
E091-H3K4me1	-0.13780140668658028	7298.90549787131	0.0	0.035
E091-H3K4me3	-0.10041817164785885	1179.8132827545226	0.0002482982489217716	0.755
E091-H3K9me3	-0.04039347881311224	11322.02628125441	0.004660599761797146	0.485
E091-RNAseq	-0.10076430612745645	13152.9116300364	-0.0	0.0
E092-DNase	-0.24467538734168306	8982.728721550373	0.0	0.0
E092-H3K27ac	-0.15651050976504913	2031.1168544919185	0.00021118978166379015	0.945
E092-H3K27me3	-0.08418389537565886	1652.062967678701	0.00022322051140564715	0.635
E092-H3K36me3	-0.1255093518956663	6190.134606547945	0.0	0.165
E092-H3K4me1	-0.14669824381325766	8434.9248930153	0.0	0.01
E092-H3K4me3	-0.08577585613080323	1302.4327352911855	-3.16745700236849e-05	0.42
E092-H3K9me3	-0.08599353226560964	3816.1971829021463	-0.0	0.0
E092-RNAseq	-0.10115064841913926	14470.127970104646	-0.0	0.0
E093-DNase	-0.23291137230698436	8936.447843454773	0.00038761950997007254	0.605
E093-H3K27ac	-0.12265742902516596	1221.8744041248947	0.00012956250146382286	0.755
E093-H3K27me3	-0.0861837235847563	2278.128044523994	-0.0	0.015
E093-H3K36me3	-0.12119350367838798	6357.420440391771	0.0	0.115
E093-H3K4me1	-0.11059024383461746	3528.303867595815	-0.0003091554995681907	0.68
E093-H3K4me3	-0.07199230993076905	1033.4846101740525	-5.401237010478727e-05	0.505
E093-H3K9me3	-0.07138248489467382	6894.491337320359	0.0	0.015
E093-RNAseq	-0.10890450644925813	13625.30521113576	-0.0	0.0
E094-DNase	-0.234434189833928	7930.319220000976	-0.0	0.0
E094-H3K27ac	-0.10505158702051758	1991.4713840927373	-0.0	0.01
E094-H3K27me3	-0.0459298575277731	3137.6241008319334	0.0	0.0
E094-H3K36me3	-0.13747156013422399	5850.348496579582	-0.0	0.075
E094-H3K4me1	-0.12013848082899507	8752.513336509579	-0.0	0.0
E094-H3K4me3	-0.12122215969359902	1653.5998582006341	0.0	0.1
E094-H3K9me3	-0.02710535713507478	5653.688972950206	0.0	0.0
E094-RNAseq	-0.11295423244820081	14321.892820280795	-0.0	0.0
E095-H3K27ac	-0.12928351914158817	2525.149924375016	0.0	0.475
E095-H3K27me3	-0.025245026548672174	5957.02664761908	0.0	0.0
E095-H3K36me3	-0.09694806209730904	6738.110208494569	-0.0	0.0
E095-H3K4me1	-0.1426182262246423	10117.317525152783	-0.0	0.005
E095-H3K4me3	-0.06849266924604804	1253.3829358935468	-0.00020715562707463993	0.385
E095-H3K9me3	-0.0007336516984923077	3823.09764596016	0.0	0.0
E095-RNAseq	-0.10645946680144175	14549.30430547681	-0.0	0.0
E096-H3K27ac	-0.12458079420547344	2444.1301454033987	0.0	0.215
E096-H3K27me3	-0.046229210753345074	9269.75543754619	0.0	0.0
E096-H3K36me3	-0.09058199494479612	6042.856809280367	-0.0	0.035
E096-H3K4me1	-0.13089922858804748	8959.132287720407	-0.0	0.0
E096-H3K4me3	-0.09255882659560337	1516.0552577305778	-0.0	0.015
E096-H3K9me3	-0.09363807330381334	5796.68433800496	0.0	0.0
E096-RNAseq	-0.10699281975599798	14640.212623187745	-0.0	0.0
E097-DNase	-0.22664019507406544	9038.27152607525	8.236104971912905e-05	0.99
E097-H3K27ac	-0.0850351959139691	2137.392596022056	-0.0005399827491060476	0.55
E097-H3K27me3	-0.014892876951228195	3484.4713729019504	0.0	0.0
E097-H3K36me3	-0.09732169498265691	6649.708212669921	-0.0	0.125
E097-H3K4me1	-0.11667045392106255	9710.048882303872	-0.0	0.0
E097-H3K4me3	-0.07430034677653626	1357.9936159651932	-0.0	0.38
E097-H3K9me3	0.008635384502632371	738.9477694216348	0.0	0.0
E097-RNAseq	-0.1033329964275532	14538.554230729222	-0.0	0.0
E098-DNase	-0.25598979039989667	10567.845616734605	-0.0001998227835272268	0.49
E098-H3K27ac	-0.11669872555836347	2017.7437180312193	0.0	0.005
E098-H3K27me3	-0.06505535835648277	3582.699775605997	0.0	0.0
E098-H3K36me3	-0.09432156747047687	5803.673318811057	0.0	0.0
E098-H3K4me1	-0.15837176034382897	8508.946738229703	-0.0012541817686133514	0.4
E098-H3K4me3	-0.12013279286727362	1329.261057648389	0.0	0.285
E098-H3K9me3	-0.07948583436786881	9068.23321918297	0.0	0.015
E098-RNAseq	-0.10634336997392634	12060.459100769101	-0.0	0.015
E099-H3K27ac	-0.11640330560560644	10065.803505756148	0.0	0.0
E099-H3K27me3	-0.0803684194795215	4359.744999359061	-0.0	0.015
E099-H3K36me3	-0.09235468986138104	6891.200342623952	0.0	0.0
E099-H3K4me1	-0.13614630501631322	10164.084050274021	0.0	0.0
E099-H3K4me3	-0.07755452185722486	1500.0248903826218	0.0	0.025
E099-H3K9me3	-0.034469969150262576	7503.7354038467865	0.0	0.02
E099-RNAseq	-0.10140095448852156	13511.971492088036	-0.0	0.005
E100-DNase	-0.2281479167550439	9787.620177241855	0.0	0.0
E100-H3K27ac	-0.10186766555736755	1948.4589909465521	-0.0	0.12
E100-H3K27me3	-0.02453570309387495	617.4765392390918	0.0	0.01
E100-H3K36me3	-0.09903318147780413	5775.888842457868	-0.0	0.0
E100-H3K4me1	-0.12141079764084764	9401.823144016078	-0.0	0.115
E100-H3K4me3	-0.05968631766258496	1343.1472800678346	-3.97299532711904e-05	0.235
E100-H3K9me3	0.022171579478771943	1157.0300851247964	0.0	0.005
E100-RNAseq	-0.10628391092712379	14195.093530169897	-0.0	0.0
E101-H3K27ac	-0.14662655529111546	1932.5195652828172	0.0001685791893695079	0.46
E101-H3K27me3	-0.06654760043723268	9264.361285725143	-0.0	0.0
E101-H3K36me3	-0.11339531618675293	6932.0615802692255	-0.0	0.045
E101-H3K4me1	-0.14217337041717357	8004.9354619865635	-0.0	0.0
E101-H3K4me3	-0.12075863282128835	1727.9207208055445	-0.00026657392368683225	0.715
E101-H3K9ac	-0.1330953105764032	2341.0357980716817	-0.0	0.0
E101-H3K9me3	0.0018423438273496608	10583.436137822955	0.0	0.04
E101-RNAseq	-0.10905155579376624	13209.406386443012	-0.0	0.0
E102-H3K27ac	-0.1287406584134231	1692.6713908198649	0.0	0.315
E102-H3K27me3	-0.06503794137730284	6999.173177430602	-0.0	0.0
E102-H3K36me3	-0.0920341545961524	7041.509319810253	-0.0	0.27
E102-H3K4me1	-0.14276010143313372	6837.267583170285	-0.0	0.16
E102-H3K4me3	-0.06566595293660867	1683.5545206133893	0.0	0.03
E102-H3K9ac	-0.14666455165548478	1669.620236613346	-0.0	0.3
E102-H3K9me3	0.025622771967824375	9639.733156387014	0.0	0.005
E102-RNAseq	-0.10847696967451956	13481.657470004036	-0.0	0.03
E103-H3K27ac	-0.11621701689526139	1721.1146208864575	-0.0003488641811498616	0.875
E103-H3K27me3	-0.06356996150757414	6287.192176991314	-0.0	0.0
E103-H3K36me3	-0.1234463950415276	7837.150318868452	-0.0	0.02
E103-H3K4me1	-0.1438331151826614	8544.34194094262	-0.0	0.065
E103-H3K4me3	-0.1017423966926096	1948.1457266837572	0.0	0.105
E103-H3K9ac	-0.09427226695830845	2447.483388011016	-0.0	0.0
E103-H3K9me3	0.004535089749760489	4740.086455200874	0.0	0.0
E103-RNAseq	-0.11227165365834144	17110.28408695824	-0.0	0.0
E104-H3K27ac	-0.11438652413966231	2851.442298919849	0.0	0.18
E104-H3K27me3	-0.01127023071348906	2840.112882258932	0.0	0.0
E104-H3K36me3	-0.07942687289608807	3561.848584834227	-0.0	0.0
E104-H3K4me1	-0.13559184251559572	9274.639221438334	-0.0	0.24
E104-H3K4me3	-0.08559390819373426	1585.9227983233295	-0.0	0.135
E104-H3K9me3	-0.026469149835134233	5965.204200886168	0.0	0.02
E104-RNAseq	-0.10393136653215113	13182.976339311992	-0.0	0.0
E105-H3K27ac	-0.05020322371841618	1417.7163891315122	-0.0	0.16
E105-H3K27me3	-0.029407347121642124	8266.397870981233	0.0	0.0
E105-H3K36me3	-0.09512537130411226	7291.9836691187475	-0.0	0.0
E105-H3K4me1	-0.1187232919682391	10751.998756652998	-0.0	0.0
E105-H3K4me3	-0.03334984434924772	1145.542649222869	-0.0	0.055
E105-H3K9me3	0.020103985150826974	3217.649381362115	0.0	0.005
E105-RNAseq	-0.10552197670608085	16685.174578230548	-0.0	0.0
E106-H3K27ac	-0.13763533546884096	2848.044083643485	-0.0	0.08
E106-H3K27me3	-0.059869019814022234	7185.3617078104	-0.0	0.0
E106-H3K36me3	-0.1016602886729162	6934.391962720577	-0.0	0.0
E106-H3K4me1	-0.12683065971004845	9337.58659769907	-0.0	0.0
E106-H3K4me3	-0.08356925999432857	1566.5879880965492	-0.0	0.0
E106-H3K9me3	0.0010973409812682863	5620.089273860337	0.0	0.01
E106-RNAseq	-0.10775874237706701	13823.288380109449	-0.0	0.005
E107-H3K27me3	-0.06067082568007944	9301.471107148727	-0.0	0.0
E107-H3K36me3	-0.10316645380599661	5771.6647189305495	0.0	0.075
E107-H3K4me1	-0.14769376612111532	5836.677390204727	-0.0	0.335
E107-H3K4me3	-0.10367467565852767	2009.5664817165668	-0.0	0.07
E107-H3K9ac	-0.150287832424095	2088.713666120114	0.0002259023195776275	0.61
E107-H3K9me3	-0.012686410476581807	6576.816978416999	0.0	0.0
E107-RNAseq	-0.11414085446685665	17454.07189072903	-0.0	0.0
E108-H3K27ac	-0.1627283302167561	1870.7793571313075	0.00013075700572125792	0.87
E108-H3K27me3	-0.06459045785563443	8921.762793927654	0.0	0.0
E108-H3K36me3	-0.12240494220356732	6394.999049558318	0.0	0.04
E108-H3K4me1	-0.1704250445309144	6625.358797086679	-0.00012077843325870097	0.275
E108-H3K4me3	-0.07166563946996213	1851.5354004491294	0.0	0.04
E108-H3K9ac	-0.12356810823534682	1875.6408495498097	0.00021193503167665564	0.29
E108-H3K9me3	0.029627741822546128	2314.6456246933776	0.0	0.0
E108-RNAseq	-0.10969003356463948	15842.588144347046	-0.0	0.0
E109-DNase	-0.2435157766366963	9448.964907827558	-0.0	0.0
E109-H3K27ac	-0.14974255119435192	2450.7867734401616	2.9977290179770865e-05	0.335
E109-H3K27me3	-0.06912070532528244	9154.757173943266	-0.0	0.0
E109-H3K36me3	-0.050823562596785436	2788.8821586891722	-0.0	0.0
E109-H3K4me1	-0.1420837831191437	11012.156832515884	-0.0	0.0
E109-H3K4me3	-0.06904191269824665	1551.1091551143795	-0.0	0.0
E109-H3K9me3	0.014525918871270395	1311.2019023762316	0.0	0.0
E109-RNAseq	-0.10716744874195447	14899.478600902808	-0.0	0.0
E110-H3K27me3	-0.07198183712693704	4531.050539374266	-0.0	0.0
E110-H3K36me3	-0.08808142882097025	5708.596941909807	-0.0	0.0
E110-H3K4me1	-0.16785604312496602	10032.900529194	-0.002485666578923524	0.86
E110-H3K4me3	-0.08949528263731243	2505.5758446445757	-0.0	0.0
E110-H3K9ac	-0.11831761852947009	1658.004010913878	-0.0	0.115
E110-H3K9me3	-0.012350551264145748	4329.019909135747	0.0	0.005
E110-RNAseq	-0.11325842958900356	14113.44593605755	-0.0	0.0
E111-H3K27ac	-0.13499494413931645	1950.1434089046836	-0.0	0.235
E111-H3K27me3	-0.060225027178719776	9729.430339496686	0.0	0.0
E111-H3K36me3	-0.10476102861682757	6547.036048884137	-0.0	0.115
E111-H3K4me1	-0.10038587840503774	6160.459407874167	-0.0	0.0
E111-H3K4me3	-0.10360614078463082	1898.7911009008035	-0.0	0.235
E111-H3K9ac	-0.10076991831320622	3077.816745596115	-0.0	0.0
E111-H3K9me3	-0.04097028620451964	8489.597398766768	0.0	0.0
E111-RNAseq	-0.11365464890532402	17563.497364945237	-0.0	0.0
E112-H3K27ac	-0.09078121857395094	1649.4269697817622	-0.0	0.035
E112-H3K27me3	-0.06924119132585134	5290.841055773652	-0.0	0.0
E112-H3K36me3	-0.060670583675114007	4810.688299252791	-0.0	0.0
E112-H3K4me1	-0.10688211081541746	5670.421154744441	-0.0	0.005
E112-H3K4me3	-0.0659972002906831	1217.1876969811997	-4.063930247100458e-06	0.39
E112-H3K9me3	-0.02847680261510947	2956.941301999	0.0	0.0
E112-RNAseq	-0.10803126717972793	14024.79560591383	-0.0	0.0
E113-H3K27ac	-0.11795360491102405	1606.6407940966517	0.00047721561581879696	0.895
E113-H3K27me3	-0.09049097021268565	5187.48984580572	-0.0	0.0
E113-H3K36me3	-0.10898347676068237	4776.487499690139	0.0	0.02
E113-H3K4me1	-0.1330744176955914	10417.800928068174	-0.0	0.0
E113-H3K4me3	-0.085957289541847	4025.2765932575358	-0.0	0.0
E113-H3K9me3	-0.07045733040687327	5680.45639667458	-0.0	0.0
E113-RNAseq	-0.1056464300923249	14225.9416490283	-0.0	0.0
E114-DNase	-0.23515718196455815	9261.501103568142	-0.0	0.0
E114-H2A	-0.10150729343986946	5126.336740986518	-0.0	0.1
E114-H3K27ac	-0.14290116998421415	1712.7627778655583	0.0	0.88
E114-H3K27me3	-0.04680973970528952	16234.275980084889	-0.0	0.0
E114-H3K36me3	-0.07718319478260316	7129.601809643054	0.0	0.065
E114-H3K4me1	-0.15907911014759113	7920.2592642506515	-0.0	0.2
E114-H3K4me2	-0.1731349940743015	4171.667511673168	-0.0004133476704311291	0.92
E114-H3K4me3	-0.10252336417702643	2346.4909486650445	0.0	0.14
E114-H3K79me2	-0.07725146289937211	3265.708636609693	-6.396848433350031e-06	0.735
E114-H3K9ac	-0.15525707555174115	1862.6502376256965	1.82055674776105e-05	0.7
E114-H3K9me3	0.004402755171386681	9637.080045625287	0.0	0.11
E114-H4K20me1	-0.06711055278044861	4132.640497312585	0.0	0.0
E114-RNAseq	-0.10405257274095155	12890.469820463633	-0.0	0.0
E115-H2A	-0.0530187093817055	2952.9362847577795	0.0004562800416830825	0.385
E115-H3K27ac	-0.09709031010009553	2098.5134886528845	-0.00030642280404045714	0.725
E115-H3K27me3	-0.05886012998105296	15549.199886618082	-0.0	0.005
E115-H3K36me3	-0.08622893020910123	6179.587423350041	0.0002048714786914176	0.6
E115-H3K4me1	-0.1292441867357402	2860.7319490378486	-1.1666433638068775e-05	0.745
E115-H3K4me2	-0.09943752100180804	1957.9385939557976	3.630072121654262e-05	0.795
E115-H3K4me3	-0.0869983099906556	1341.5994350176818	0.0	0.51
E115-H3K79me2	-0.03271905278113985	2337.5809235051593	-2.1470574758030574e-05	0.755
E115-H3K9ac	-0.1323750993004604	1401.6403598177367	6.11718856560073e-06	0.615
E115-H3K9me3	0.0018887513620232089	6524.392955503201	0.0	0.0
E115-H4K20me1	-0.08744954849412168	5644.574298847574	-0.0	0.0
E115-RNAseq	-0.10041950291887046	13125.965428210004	-0.0	0.0
E116-DNase	-0.21019478018667914	7905.791103495371	0.0	0.0
E116-H2A	-0.09299424312079972	3997.9869001973157	-0.0	0.1
E116-H3K27ac	-0.07709504796554137	1702.6865253550427	6.484230873391857e-05	0.765
E116-H3K27me3	-0.05956915890762178	11420.919632162411	-0.0	0.0
E116-H3K36me3	-0.04930457775188925	6732.030174460721	-0.0	0.005
E116-H3K4me1	-0.10885687050732253	5812.018557917143	-1.7483534055169484e-05	0.315
E116-H3K4me2	-0.0891075503653787	4132.114309652351	-0.0	0.265
E116-H3K4me3	-0.07817770949623862	2485.222787244722	-0.0005318620786872091	0.4
E116-H3K79me2	-0.0105309302640812	2411.9219558542504	-0.00010461088234060548	0.535
E116-H3K9ac	-0.09751379993612931	1464.1165834512103	-0.0	0.275
E116-H3K9me3	-0.03888100651578244	7753.047369451383	-0.0	0.015
E116-H4K20me1	-0.07335857697801078	5496.937167360084	-0.0	0.0
E116-RNAseq	-0.11201813543403598	12994.114982725674	-0.0	0.0
E117-DNase	-0.22591610119801492	10304.889002620564	-0.0	0.0
E117-H2A	-0.08869587035722115	4177.998864499224	-0.0	0.0
E117-H3K27ac	-0.12492361278185571	1434.979138854825	3.7857007997528706e-05	0.74
E117-H3K27me3	-0.04999289223112246	15756.359395546046	-0.0	0.0
E117-H3K36me3	-0.07918042132692897	7576.520676630961	0.0	0.0
E117-H3K4me1	-0.15387767142596867	4815.2850252800845	2.263492882597535e-05	0.365
E117-H3K4me2	-0.12784649023612296	2841.0618846869934	-0.0	0.065
E117-H3K4me3	-0.11254125255413593	1578.6317458161996	0.0003549336778020711	0.62
E117-H3K79me2	-0.07337606221364493	2444.6568329338634	-0.000547033305261398	0.755
E117-H3K9ac	-0.11089323834461638	1353.8250537097838	0.00017398304163907294	0.645
E117-H3K9me3	-0.015362589185267088	5031.850288798383	0.0	0.015
E117-H4K20me1	-0.06921601142552743	4727.921241048419	-0.0	0.0
E117-RNAseq	-0.10657139210002768	12019.0519144979	-0.0	0.0
E118-DNase	-0.2093001880548508	7368.767726090628	-0.0	0.0
E118-H2A	-0.05622635394666861	2020.4476165433723	-0.0	0.0
E118-H3K27ac	-0.02679982744989981	1292.9206724588669	-5.997340212884741e-05	0.805
E118-H3K27me3	-0.04980793432351158	13236.153022629738	-0.0	0.005
E118-H3K36me3	-0.03346635415816133	4746.059371104995	-0.0	0.06
E118-H3K4me1	-0.08706756112827632	6452.3463018412285	-0.0	0.325
E118-H3K4me2	-0.060470086460595734	3173.301019586987	0.0	0.25
E118-H3K4me3	-0.03538709619823331	1596.8130286826245	-7.164652604672857e-05	0.425
E118-H3K79me2	0.007313911666233321	1110.1391924726506	-0.0	0.06
E118-H3K9ac	-0.07302813791297653	1412.3500913423345	-0.0	0.105
E118-H3K9me3	0.029417340766819094	18033.17357237367	0.003328773678976723	0.78
E118-H4K20me1	-0.03868542759888169	1624.8502371611842	0.0	0.025
E118-RNAseq	-0.096752456607217	12492.17677558814	-0.0	0.0
E119-DNase	-0.2556195458240896	12903.210839151923	-0.0	0.22
E119-H2A	-0.12348355455456661	5607.657596779804	-0.0	0.025
E119-H3K27ac	-0.1244937623800608	1957.7443804385475	-3.571366319180604e-05	0.69
E119-H3K27me3	-0.04374532819761262	7266.751187222162	-0.0	0.0
E119-H3K36me3	-0.0510521479410962	5969.9781315834825	-0.0	0.105
E119-H3K4me1	-0.15967924182272236	7741.256555560287	0.00046799506666858756	0.605
E119-H3K4me2	-0.13404503126284786	3748.577458990449	-0.0	0.215
E119-H3K4me3	-0.06436994969141999	1330.4107314702003	0.00020572658438041167	0.7
E119-H3K79me2	-0.0003806540688542994	3091.585639676158	0.00040790681817946714	0.99
E119-H3K9ac	-0.11475619375373523	1608.6538366434104	0.0	0.095
E119-H3K9me3	0.011422218257873384	15871.63820029956	0.0	0.085
E119-H4K20me1	-0.039283785572075416	1583.3482563661405	0.0	0.0
E119-RNAseq	-0.09783968277507725	11534.430995745495	-0.0	0.015
E120-DNase	-0.25365449283732266	17972.18694014846	-0.00032761004013889377	0.34
E120-H2A	-0.11921683203165122	5063.281773286662	-0.0	0.01
E120-H3K27ac	-0.12309665218321769	2106.409995364114	5.5025724463468835e-06	0.7
E120-H3K27me3	-0.05167769923673237	14818.553529241444	-0.0	0.0
E120-H3K36me3	-0.06841369786264502	9092.06352607819	-0.0	0.005
E120-H3K4me1	-0.16535349809922714	9177.114874296254	-0.00042570620695499907	0.39
E120-H3K4me2	-0.14523335955209807	4079.4079233527427	-0.0	0.07
E120-H3K4me3	-0.07825398663165857	1343.018295068916	-0.0	0.525
E120-H3K79me2	0.014940517305573029	2435.173613679029	0.00038283031448019044	0.655
E120-H3K9ac	-0.1130452237636268	1391.7723360855032	0.0	0.165
E120-H3K9me3	0.027339674510145934	4136.394580415919	0.0	0.01
E120-H4K20me1	-0.0780267258890306	3558.785723877049	0.0	0.0
E120-RNAseq	-0.10997107656956583	11620.221690962364	-0.0	0.01
E121-DNase	-0.24744076023225936	16521.804737418614	-0.0	0.075
E121-H2A	-0.12941815506128862	4362.740676129579	-0.0	0.075
E121-H3K27ac	-0.1638470212513639	2710.2803555203054	0.00020507525778676078	0.72
E121-H3K27me3	-0.04813784289948856	21549.253294395385	-0.0	0.0
E121-H3K36me3	-0.10273178955216733	7500.213102021958	-0.0	0.08
E121-H3K4me1	-0.15907798241139803	10994.712082296963	-0.0	0.015
E121-H3K4me2	-0.17009160928039357	3923.367820066966	0.0	0.06
E121-H3K4me3	-0.13807249635054747	1694.040115893632	-0.00011055669327160709	0.33
E121-H3K79me2	-0.06596762855179522	4845.810239326875	-0.00016751207529011852	0.435
E121-H3K9ac	-0.18541505126557434	2136.268978728575	0.0	0.34
E121-H3K9me3	-0.008823727427346712	4090.3433656145135	0.0	0.0
E121-H4K20me1	-0.0829177382773394	3100.9286227769617	-0.0	0.0
E121-RNAseq	-0.10629599432702161	11564.415716555694	-0.0	0.0
E122-DNase	-0.23538960460323524	8506.179999995782	-0.0	0.0
E122-H2A	-0.10408860619419924	7643.242913995868	-0.0	0.0
E122-H3K27ac	-0.13541717299708356	1945.7722692417346	0.0	0.845
E122-H3K27me3	-0.06335787247831727	5422.761812441787	-0.0003725340465075782	0.395
E122-H3K36me3	-0.08264282841464379	6088.065702659154	-0.0	0.11
E122-H3K4me1	-0.1646218778971129	6002.921977557902	-0.00012626111496449768	0.6
E122-H3K4me2	-0.14973196171821884	3241.490387464073	0.000347886720873652	0.8
E122-H3K4me3	-0.09306790497288521	1233.4601282448832	-0.00012173081735609813	0.73
E122-H3K79me2	0.019769160149673212	2335.8652561770373	-8.686126541411117e-05	0.76
E122-H3K9ac	-0.11024160016848175	1257.4269590083072	1.8734833102567231e-06	0.57
E122-H3K9me1	-0.06507765543387946	2750.897161472302	0.0	0.0
E122-H3K9me3	0.04509236697016646	27926.98108487403	0.0	0.0
E122-H4K20me1	-0.07050912998674849	3817.213966039813	-0.0	0.0
E122-RNAseq	-0.10493513160742256	11186.249202572004	-0.0	0.0
E123-DNase	-0.20794283422617355	9993.071499766997	-0.0	0.0
E123-H2A	-0.09781131107879099	6268.744008266242	-0.00138425395874071	0.83
E123-H3K27ac	-0.08099043765427166	1285.740128393726	0.0	0.67
E123-H3K27me3	-0.056326049464305535	13945.479350825031	-0.00021460379953413977	0.235
E123-H3K36me3	-0.07766644973613929	6340.035268990373	0.0	0.04
E123-H3K4me1	-0.11393960996105003	5960.140424051458	0.0	0.295
E123-H3K4me2	-0.08687144684390874	1900.254461966582	0.00032399453136392153	0.75
E123-H3K4me3	-0.10393286673046952	1555.684004929335	0.0	0.39
E123-H3K79me2	-0.012048634439004459	1351.997819644661	-0.00011090040830423326	0.78
E123-H3K9ac	-0.1211829416117611	1286.0809614067882	-0.0	0.275
E123-H3K9me1	-0.10648895740511033	9967.992515651982	-0.0	0.0
E123-H3K9me3	0.023436692541368338	4282.76138073288	0.0	0.0
E123-H4K20me1	-0.09250636544804537	13342.544642669698	-0.0	0.0
E123-RNAseq	-0.1071510290330621	12427.549338272165	0.0	0.0
E124-DNase	-0.21859607481483181	8889.103183398931	0.0	0.0
E124-H2A	-0.10572232933919476	4284.017238470806	-0.0	0.165
E124-H3K27ac	-0.14598290797427657	2721.8910847746274	6.172763267092705e-05	0.68
E124-H3K27me3	-0.09246354060536105	2452.679262492994	-0.0003979261084967226	0.875
E124-H3K36me3	-0.12074096751406134	5142.90638942082	-0.00017967759389548736	0.855
E124-H3K4me1	-0.1432491676279203	5065.399179842261	2.5784265038701885e-05	0.84
E124-H3K4me2	-0.1397745321590833	2360.204876813093	0.0	0.705
E124-H3K4me3	-0.08826127199344914	1691.2441058661182	0.00016362820280581335	0.68
E124-H3K79me2	-0.06114608844295242	2722.8760399513917	-0.00020662014627473367	0.75
E124-H3K9ac	-0.16444006491598223	1689.0257409072951	-0.0005571848664497011	0.495
E124-H3K9me3	0.0005365151524779121	9112.912938754367	0.0	0.03
E124-H4K20me1	-0.0876049136007698	2807.6949060814377	0.000493335421612686	1.0
E124-RNAseq	-0.1015965242551964	13783.489595370564	-0.0	0.0
E125-DNase	-0.254566586982352	15992.6398738103	-0.0	0.03
E125-H2A	-0.11534383892314434	3944.6255570781177	-0.0	0.0
E125-H3K27ac	-0.14051906857369678	2468.4904507905976	0.0	0.405
E125-H3K27me3	-0.06322264038889835	6577.16082400148	-0.0	0.0
E125-H3K36me3	-0.09700271950923961	6896.203693433461	-0.0	0.0
E125-H3K4me1	-0.1644655292440285	9266.851958382402	-0.0	0.0
E125-H3K4me2	-0.2060554587079085	3525.03557259973	0.00010678479898939321	0.49
E125-H3K4me3	-0.13015276856176833	1585.0587408133006	0.0	0.055
E125-H3K79me2	-0.07739155811703105	3759.6401386015846	0.0	0.375
E125-H3K9ac	-0.15347807847135683	1852.8580641922001	0.0	0.23
E125-H3K9me3	-0.010869786595557032	7588.310426133078	0.0	0.0
E125-H4K20me1	-0.09068529048907906	5882.903080782797	0.0	0.02
E125-RNAseq	-0.10481936517514426	10807.533621414215	-0.0	0.005
E126-DNase	-0.2462980630807239	17169.649985670585	0.0	0.025
E126-H2A	-0.1068301808119444	6387.116124330821	-0.0	0.005
E126-H3K27ac	-0.105596857717391	2467.9213375494232	0.0	0.2
E126-H3K27me3	-0.050266774621924484	8466.316050562808	-0.0	0.0
E126-H3K36me3	-0.04152985089548053	5222.030012067146	0.0	0.0
E126-H3K4me1	-0.13839375603580262	9019.574803163225	-0.0	0.04
E126-H3K4me2	-0.13708499964481524	4552.391696753377	-0.0	0.125
E126-H3K4me3	-0.0597526002912246	1511.1872354330135	-0.0	0.005
E126-H3K79me2	-0.0359625191350132	2845.9103547523737	9.387832141384146e-05	0.405
E126-H3K9ac	-0.11246478256536675	1383.2697927251622	-0.0	0.085
E126-H3K9me3	0.05542524126526677	8163.921409041477	0.0025856916064289446	0.41
E126-H4K20me1	-0.08306053213165117	4611.303299946995	-0.0	0.0
E126-RNAseq	-0.10057109578613695	11098.762020562112	-0.0	0.02
E127-DNase	-0.2505861493579049	12570.082541413298	0.0	0.25
E127-H2A	-0.10438160170465233	8765.325585608376	-0.0	0.0
E127-H3K27ac	-0.11599829932404428	1975.8009089823186	1.677194172528329e-05	0.83
E127-H3K27me3	-0.08400819680708133	5106.449437162057	-0.0	0.075
E127-H3K36me3	-0.09170868993395415	8390.938557954558	-0.0	0.005
E127-H3K4me1	-0.16581639465406084	8009.014758135565	-0.0	0.33
E127-H3K4me2	-0.15699652806018996	4207.2151499785905	0.0	0.615
E127-H3K4me3	-0.11130031503183334	1788.2191829571805	-0.0	0.045
E127-H3K79me2	0.00380952287942594	3004.601386050262	-1.0970306884689969e-05	0.555
E127-H3K9ac	-0.1509733076523416	1540.707239369891	2.256876958163149e-05	0.535
E127-H3K9me1	-0.1238683270041649	8812.20518793101	-0.0	0.0
E127-H3K9me3	0.02601399219501362	14867.497499807192	0.0	0.015
E127-H4K20me1	-0.10434901108042458	6294.024192882978	-0.0	0.0
E127-RNAseq	-0.10069090436156185	11204.871584712579	-0.0	0.175
E128-DNase	-0.2573166217652577	16334.56108770357	-0.0003984867129053841	0.415
E128-H2A	-0.09831636859888697	6779.922664176315	-0.0	0.135
E128-H3K27ac	-0.09823912517687926	1752.7164753499842	-0.00021897161854571163	0.86
E128-H3K27me3	-0.06944465523367008	9300.828630415479	-0.0	0.04
E128-H3K36me3	-0.054859827048989264	4690.390336074945	-0.0	0.005
E128-H3K4me1	-0.13005283216788094	7271.192432795579	-0.0	0.13
E128-H3K4me2	-0.13419848384205385	4157.395721127895	-0.0	0.1
E128-H3K4me3	-0.04665525920994334	1407.123112168368	-0.0	0.15
E128-H3K79me2	-0.0025841943804270264	2515.3543611918167	0.0	0.155
E128-H3K9ac	-0.09627222320143308	1057.5143891105556	-0.0	0.19
E128-H3K9me3	0.04826179625664141	8285.02443069579	0.0	0.045
E128-H4K20me1	-0.05141742985660248	1106.9665689447136	-0.0	0.0
E128-RNAseq	-0.10551040003881722	13286.538624774688	-0.0	0.025
E129-H2A	-0.11219606280438402	6466.749276102495	0.0	0.0
E129-H3K27ac	-0.1557425731315538	3443.8536970800405	6.75168417459398e-05	0.575
E129-H3K27me3	-0.06982340283766393	11012.90372271975	-0.0	0.015
E129-H3K36me3	-0.06574029728535657	5988.530182135345	0.0005473266664362204	0.355
E129-H3K4me1	-0.18233800979163398	9860.127471888873	-0.0	0.06
E129-H3K4me2	-0.18880997041703834	3962.151201570903	0.0001830341011544891	0.67
E129-H3K4me3	-0.12863621715083765	1707.055589012212	7.65006575742828e-05	0.42
E129-H3K79me2	-0.07516070637073625	4110.793830689273	0.0	0.61
E129-H3K9me3	0.04335412386550773	11242.05062022416	0.0	0.065
E129-H4K20me1	-0.09746894004211448	6614.325271873353	0.0	0.0
E129-RNAseq	-0.09701178366434139	11631.08626998616	-0.0	0.005
G401_small	-0.05496543883289016	12428.773547775078	-0.0	0.0
GC3p	-0.04364385571863279	5881.154536220687	-0.0	0.0
GCA	-0.03349601307471001	1542.7614720954418	-0.0	0.0
GCC	-0.05129160410656927	7433.13735444285	-0.0	0.0
GCG	-0.09873137080835823	10430.364991462959	0.0	0.0
GCT	-0.03516712820098836	2106.8352873692625	-0.0	0.0
GERP	-0.04038202342478252	199.8385887155434	-0.0	0.17
GT3p	-0.03349329028113779	171.0291823955381	-0.0	0.01
GTA	-0.0005723900095164074	627.907219729116	0.0	0.0
GTC	-0.03093105695177935	1212.3302362723443	-0.0	0.0
GTG	-0.04084616917379017	2644.730934049377	-0.0	0.0
GTT	0.0011422463137307033	1292.6898077671653	-0.0	0.0
LNCaPcloneFGC_small	-0.05665944141945062	4313.512679360879	-0.0	0.0
NCI-H460_small	-0.05562654176296797	7279.982660226835	-0.0	0.0
Panc1_small	-0.048900276143633646	15786.549965732936	-0.0	0.0
RPMI-7951_small	-0.06700105886009383	22178.19213313509	-0.0	0.0
SJCRH30_small	-0.02027865989458554	338.95908941004393	-0.0	0.0
SK-MEL-5_small	-0.05836095463698693	12850.202871072417	-0.0	0.0
SK-N-DZ_small	-0.040213487200111045	1008.8482336608898	-0.0	0.0
SK-N-MC_small	-0.04057605296100575	2845.3594658174347	-0.0	0.0
T47D_small	-0.0441672537371462	5784.3866215291555	-0.0	0.0
TA5p	0.019133770511219356	1006.152855091145	0.0	0.0
TC3p	-0.007431712246695138	19.790073745646303	0.0	0.0
TC5p	-0.007386583020809641	20.37707431874212	0.0	0.0
TCA	0.015852892504575427	195.5682942705733	0.0	0.0
TCC	-0.03626046743995244	2056.530060013741	-0.0	0.0
TCG	-0.06797125798651064	6224.519116457588	0.0	0.0
TCT	-0.0035081378803834555	11.532808330032562	0.0	0.0
TG5p	-0.02459404096011088	320.03940046952965	-0.0	0.0
TT5p	0.028352253279027486	2844.726336976227	0.0	0.0
TTA	0.01526920940424007	410.35253852251515	0.0	0.0
TTC	0.019089839393232638	1599.0160162268553	0.0	0.0
TTG	0.0013765212982670791	501.8597968876598	-0.0	0.0
TTT	0.01755441914853889	1444.6506423753165	0.0	0.0
pphastCons46way	-0.1314964225735547	4516.250226819752	-0.0067662188642951876	0.485
pphyloP46way	-0.08335810618573536	178.96064530573648	-0.0	0.32
vphastCons46way	-0.14320365312392888	7163.839446184335	-0.0	0.24
wgEncodeOpenChromChipA549CtcfPkRep1	-0.18754141068439506	4960.765311773538	-0.0	0.0
wgEncodeOpenChromChipA549Pol2PkRep1	-0.17429618322523593	2395.7519628070268	0.0	0.0
wgEncodeOpenChromChipFibroblCtcfPkRep1	-0.19529281230561746	5088.665682950379	-0.0	0.0
wgEncodeOpenChromChipGlioblaCtcfPkRep1	-0.19212378498281832	5938.317532051925	-0.0	0.0
wgEncodeOpenChromChipGlioblaPol2PkRep1	-0.18850636247919042	2712.454820250966	0.0	0.0
wgEncodeOpenChromChipGm10248CtcfPkRep1	-0.19565134980511592	4831.161572492041	0.0	0.0
wgEncodeOpenChromChipGm10266CtcfPkRep1	-0.18889003414476882	4497.595855241204	-0.0	0.0
wgEncodeOpenChromChipGm12878CmycPk	-0.11944120150461865	1008.9475336144424	0.0	0.0
wgEncodeOpenChromChipGm12878CtcfPkRep1	-0.19130336440146672	5737.116833604405	-0.0	0.0
wgEncodeOpenChromChipGm12878Pol2Pk	-0.20444868050632492	2930.971985497352	0.0	0.0
wgEncodeOpenChromChipGm12891CtcfPk	-0.17319667264225044	3817.7360721167574	-0.0	0.0
wgEncodeOpenChromChipGm12892CtcfPk	-0.17966210511455458	4091.1351825850716	-0.0	0.0
wgEncodeOpenChromChipGm13976CtcfPkRep1	-0.19613340006552468	4627.836269553307	-0.0	0.0
wgEncodeOpenChromChipGm13977CtcfPkRep1	-0.18352699343852583	4628.1406063523655	-0.0	0.0
wgEncodeOpenChromChipGm19238CtcfPk	-0.1798415086391597	4158.55104332938	-0.0	0.0
wgEncodeOpenChromChipGm19239CtcfPk	-0.18710283175459214	4173.00998715536	-0.0	0.0
wgEncodeOpenChromChipGm19240CtcfPk	-0.1773585980528728	3967.3810615731627	-0.0	0.0
wgEncodeOpenChromChipGm20000CtcfPkRep1	-0.20019354587612423	4863.903838989142	-0.0	0.0
wgEncodeOpenChromChipH1hescCmycPk	-0.11513062802428099	1400.8555668690542	-0.0	0.0
wgEncodeOpenChromChipH1hescCtcfPk	-0.1981015546721726	6430.696466978774	-0.0	0.0
wgEncodeOpenChromChipH1hescPol2Pk	-0.16559708267549836	2945.297637804092	0.0	0.0
wgEncodeOpenChromChipHelas3CmycPk	-0.09135330601021653	701.3638956311419	0.0	0.0
wgEncodeOpenChromChipHelas3CtcfPk	-0.20669071473239914	7417.742871241678	-0.0	0.0
wgEncodeOpenChromChipHelas3Pol2Pk	-0.14007957661568674	2424.804865182054	0.0	0.0
wgEncodeOpenChromChipHepg2CmycPk	-0.12715000965286644	1414.6273654357497	-0.0	0.0
wgEncodeOpenChromChipHepg2CtcfPk	-0.20088021797143843	6920.6313232721295	-0.0	0.0
wgEncodeOpenChromChipHepg2Pol2Pk	-0.13116083268509718	3412.17444295007	0.0	0.0
wgEncodeOpenChromChipHuvecCmycPk	-0.13831578845230758	1901.5340455715127	0.0	0.0
wgEncodeOpenChromChipHuvecCtcfPk	-0.18237066420451234	5319.851598718832	-0.0	0.0
wgEncodeOpenChromChipHuvecPol2Pk	-0.16003111394743053	2703.2272757662654	0.0	0.0
wgEncodeOpenChromChipK562CmycPk	-0.12879384462258167	1282.6061702785314	0.0	0.0
wgEncodeOpenChromChipK562CtcfPk	-0.2037997964647745	7053.352457177703	-0.0	0.0
wgEncodeOpenChromChipK562Pol2Pk	-0.14725320087347316	3234.2475085291426	0.0	0.0
wgEncodeOpenChromChipKidneyocCtcfPkRep1	-0.20049107183687392	5462.419406698299	-0.0	0.0
wgEncodeOpenChromChipLncapCtcfPkRep1	-0.19751820605046957	6131.6064081671	-0.0	0.0
wgEncodeOpenChromChipLungocCtcfPkRep1	-0.19662429190169156	4881.527131460368	-0.0	0.0
wgEncodeOpenChromChipMcf7CtcfPk	-0.19389538911055967	5933.913305610269	-0.0	0.0
wgEncodeOpenChromChipMcf7Pol2PkRep1	-0.1314250337500362	2137.8197606362087	0.0	0.0
wgEncodeOpenChromChipMedulloCtcfPkRep1	-0.18824018896062295	5253.067814043998	-0.0	0.0
wgEncodeOpenChromChipNhekCtcfPk	-0.19069998583576966	5491.617277932621	-0.0	0.0
wgEncodeOpenChromChipPancreasocCtcfPkRep1	-0.1888537830619273	4992.694261338088	-0.0	0.0
wgEncodeOpenChromChipProgfibCtcfPkRep1	-0.18993920385110005	4949.510710419422	-0.0	0.0
wgEncodeOpenChromChipProgfibPol2PkRep1	-0.1975048191155261	2962.5900042006674	0.0	0.0
wgEncodeOpenChromChipSpleenocCtcfPkRep1	-0.1901690015239668	4607.436208809699	-0.0	0.0
wgEncodeOpenChromDnase8988tPk	-0.15470533616231655	5856.698960199453	0.0	0.0
wgEncodeOpenChromDnaseA549Pk	-0.19471793485966662	6605.85604137895	-0.0	0.0
wgEncodeOpenChromDnaseAdultcd4th0Pk	-0.16496112292932144	5102.275298185476	0.0	0.0
wgEncodeOpenChromDnaseAdultcd4th1Pk	-0.15910226379397419	5309.932865016224	0.0	0.0
wgEncodeOpenChromDnaseCd20ro01794Pk	-0.14718535090463605	5372.773323700416	0.0	0.0
wgEncodeOpenChromDnaseCerebellumocPk	-0.18545745338197123	6421.677391936181	-0.0	0.0
wgEncodeOpenChromDnaseCerebrumfrontalocPk	-0.17492237876387057	6497.793072808287	0.0	0.0
wgEncodeOpenChromDnaseChorionPk	-0.14408017619343616	6518.392762727797	0.0	0.0
wgEncodeOpenChromDnaseCllPk	-0.1672293511774414	6335.148460202397	-0.0	0.0
wgEncodeOpenChromDnaseColo829Pk	-0.23580210310340374	10527.952029303511	-0.0	0.0
wgEncodeOpenChromDnaseFibroblPk	-0.22337934461133654	8289.667074527879	0.0	0.0
wgEncodeOpenChromDnaseFibroblgm03348Pk	-0.22114254700840916	9140.110069707802	0.0	0.0
wgEncodeOpenChromDnaseFibropPk	-0.21837339622017715	9172.176356055214	0.0	0.0
wgEncodeOpenChromDnaseFibropag08395Pk	-0.220893916624135	10768.816633371269	0.0	0.0
wgEncodeOpenChromDnaseFibropag08396Pk	-0.2095117912714717	7409.914575712964	0.0	0.0
wgEncodeOpenChromDnaseFibropag20443Pk	-0.2214112427223944	9834.458372256164	-0.0	0.0
wgEncodeOpenChromDnaseFrontalcortexocPk	-0.14641474131079135	5329.497909655433	0.0	0.0
wgEncodeOpenChromDnaseGcbcellPk	-0.18235586957112282	5318.214521704836	-0.0	0.0
wgEncodeOpenChromDnaseGlioblaPk	-0.2085052794979819	7121.353246926664	-0.0	0.0
wgEncodeOpenChromDnaseGm10248Pk	-0.18495422058143035	6322.867024563132	0.0	0.0
wgEncodeOpenChromDnaseGm10266Pk	-0.17457338486474006	5591.464739787996	0.0	0.0
wgEncodeOpenChromDnaseGm12878Pk	-0.19213976933097152	6404.592886187147	0.0	0.0
wgEncodeOpenChromDnaseGm12891Pk	-0.1602066649670892	6779.667230990577	0.0	0.0
wgEncodeOpenChromDnaseGm12892Pk	-0.15190464365433995	6977.941785464471	0.0	0.0
wgEncodeOpenChromDnaseGm13976Pk	-0.1718687911514678	6529.458283417354	0.0	0.0
wgEncodeOpenChromDnaseGm13977Pk	-0.17596439054463195	5782.952536708741	0.0	0.0
wgEncodeOpenChromDnaseGm18507Pk	-0.19402925938418394	5984.3314418187165	0.0	0.0
wgEncodeOpenChromDnaseGm19238Pk	-0.17605995269251043	6135.137879347133	0.0	0.0
wgEncodeOpenChromDnaseGm19239Pk	-0.17516712426031875	6054.939044047234	0.0	0.0
wgEncodeOpenChromDnaseGm19240Pk	-0.1855243593918816	6398.339420483004	0.0	0.0
wgEncodeOpenChromDnaseGm20000Pk	-0.18090840610125022	5650.262854526924	0.0	0.0
wgEncodeOpenChromDnaseH1hescPk	-0.16732783607959648	6156.2129326657105	-0.0	0.0
wgEncodeOpenChromDnaseH7esPk	-0.1624810062265126	7390.300423233048	0.0	0.0
wgEncodeOpenChromDnaseH9esPk	-0.22000739063121844	8761.68927482799	-0.0	0.0
wgEncodeOpenChromDnaseHeartocPk	-0.1749808005379349	5847.074157721287	0.0	0.0
wgEncodeOpenChromDnaseHek293tPk	-0.20653145091396624	6925.804348505485	-0.0	0.0
wgEncodeOpenChromDnaseHelas3Pk	-0.19404669333207947	7330.393267002617	-0.0	0.0
wgEncodeOpenChromDnaseHepatocytesPk	-0.13948896850373999	7023.134125740575	0.0	0.0
wgEncodeOpenChromDnaseHepg2Pk	-0.189860319508884	6276.085716829573	-0.0	0.0
wgEncodeOpenChromDnaseHmecPk	-0.19600034618447965	7472.843257155791	0.0	0.0
wgEncodeOpenChromDnaseHpde6e6e7Pk	-0.22301731586612542	8390.883485954773	-0.0	0.0
wgEncodeOpenChromDnaseHsmmPk	-0.18413686689447042	6248.046492851666	0.0	0.0
wgEncodeOpenChromDnaseHsmmembPk	-0.20666629496181524	7569.771464555717	-0.0	0.0
wgEncodeOpenChromDnaseHsmmfshdPk	-0.19892938639326227	7732.009752578604	-0.0	0.0
wgEncodeOpenChromDnaseHsmmtPk	-0.1955681296056562	7574.013034864754	-0.0	0.0
wgEncodeOpenChromDnaseHtr8Pk	-0.2091217162786735	7149.180330480636	0.0	0.0
wgEncodeOpenChromDnaseHuh75Pk	-0.17748696311729306	6287.686150784463	0.0	0.0
wgEncodeOpenChromDnaseHuh7Pk	-0.19741444462713348	6711.460568149422	0.0	0.0
wgEncodeOpenChromDnaseHuvecPk	-0.18821148327847229	5913.932144020927	0.0	0.0
wgEncodeOpenChromDnaseImr90Pk	-0.19842540412615625	7196.604682410171	0.0	0.0
wgEncodeOpenChromDnaseIpsPk	-0.16827402748030573	7568.038173846946	-0.0	0.0
wgEncodeOpenChromDnaseIpscwru1Pk	-0.219141470160794	8916.025493906425	-0.0	0.0
wgEncodeOpenChromDnaseIpsnihi11Pk	-0.2207153798158005	8808.536198112712	-0.0	0.0
wgEncodeOpenChromDnaseIpsnihi7Pk	-0.23056634068869028	9828.22949584608	-0.0	0.0
wgEncodeOpenChromDnaseK562PkV2	-0.18840589460149879	6389.577094359939	0.0	0.0
wgEncodeOpenChromDnaseLncapPk	-0.15917639892391713	5995.143029912372	0.0	0.0
wgEncodeOpenChromDnaseMcf7Pk	-0.21804890927914272	8408.818069201401	-0.0	0.0
wgEncodeOpenChromDnaseMedulloPk	-0.17025605667798033	6223.5061925760965	-0.0	0.0
wgEncodeOpenChromDnaseMedullod341Pk	-0.19566329255668902	7879.576598410926	0.0	0.0
wgEncodeOpenChromDnaseMel2183Pk	-0.2241388264329581	9035.934565863652	-0.0	0.0
wgEncodeOpenChromDnaseMelanoPk	-0.22684870608445096	9057.416448949267	0.0	0.0
wgEncodeOpenChromDnaseMonocd14Pk	-0.14928446325520167	7050.017542536725	0.0	0.0
wgEncodeOpenChromDnaseMyometrPk	-0.21107611640680635	7331.003925881025	0.0	0.0
wgEncodeOpenChromDnaseNaivebcellPk	-0.17424653165918394	4839.883818898112	-0.0	0.0
wgEncodeOpenChromDnaseNhekPk	-0.21508137547458364	8722.125604850151	0.0	0.0
wgEncodeOpenChromDnaseOlfneurospherePk	-0.19438679186469826	6031.509739169835	0.0	0.0
wgEncodeOpenChromDnaseOsteoblPk	-0.16685201693504376	5919.774418089692	0.0	0.0
wgEncodeOpenChromDnasePanisdPk	-0.2200890224474456	8832.134807413366	-0.0	0.0
wgEncodeOpenChromDnasePanisletsPk	-0.1761857982434874	6309.02974344627	0.0	0.0
wgEncodeOpenChromDnasePhtePk	-0.20941970896648993	7783.1846088968705	-0.0	0.0
wgEncodeOpenChromDnaseProgfibPk	-0.21422364344317557	7034.365334945179	0.0	0.0
wgEncodeOpenChromDnasePsoasmuscleocPk	-0.16238810634614806	5943.148898027171	0.0	0.0
wgEncodeOpenChromDnaseRwpe1Pk	-0.2281728553643225	9142.03556848535	-0.0	0.0
wgEncodeOpenChromDnaseSknshPk	-0.17810114505700883	6061.983136823416	0.0	0.0
wgEncodeOpenChromDnaseStellatePk	-0.1990347184821757	7527.895653360173	-0.0	0.0
wgEncodeOpenChromDnaseT47dPk	-0.2007216457105777	10214.739174998458	0.0	0.0
wgEncodeOpenChromDnaseUrothelPkV2	-0.21194431637996475	8104.004276573373	-0.0	0.0
wgEncodeOpenChromSynthGlioblaPk	-0.22957651656557632	13261.68528754203	-0.0	0.64
wgEncodeOpenChromSynthGm12878Pk	-0.2576261883376158	9130.044611876761	-0.0	0.0
wgEncodeOpenChromSynthGm12891Pk	-0.2110984630930107	9661.682396322512	0.0	0.0
wgEncodeOpenChromSynthGm12892Pk	-0.22077019673708834	9931.450903496496	-0.0	0.0
wgEncodeOpenChromSynthGm18507Pk	-0.22014035935673257	7900.876313171433	-0.0	0.0
wgEncodeOpenChromSynthGm19239Pk	-0.21958594174614113	9309.952982678136	0.0	0.0
wgEncodeOpenChromSynthH1hescPk	-0.24201729782269557	8451.882697172305	-0.0	0.0
wgEncodeOpenChromSynthHelas3Pk	-0.253069178605092	11177.30874508745	-4.8613110054421384e-05	0.685
wgEncodeOpenChromSynthHepg2Pk	-0.23013006168651484	8476.913047368838	-0.0	0.0
wgEncodeOpenChromSynthHtr8Pk	-0.21331082602049	9547.605622585892	0.0	0.0
wgEncodeOpenChromSynthHuvecPk	-0.2499272612133006	9716.047586958572	0.0	0.0
wgEncodeOpenChromSynthK562Pk	-0.23730120502425608	9535.825275461395	0.0	0.0
wgEncodeOpenChromSynthMedulloPk	-0.20723954367305727	12005.54717297737	2.4941204310218026e-05	0.6
wgEncodeOpenChromSynthNhekPk	-0.2441490070114023	12990.532746966936	-0.0	0.0
wgEncodeOpenChromSynthPanisletsPk	-0.26106039738944303	12335.636867448851	-0.0	0.325
wgEncodeUwRepliSeqBg02esWaveSignalRep1	-0.07555049029278274	3521.448091453716	-0.0	0.0
wgEncodeUwRepliSeqBjWaveSignalRep1	-0.0857078080254745	1174.585773747612	-0.0	0.015
wgEncodeUwRepliSeqBjWaveSignalRep2	-0.08659111338473478	326.74768357081575	-0.0	0.035
wgEncodeUwRepliSeqGm06990WaveSignalRep1	-0.08559835784829652	3534.3691163640888	-0.0	0.01
wgEncodeUwRepliSeqGm12801WaveSignalRep1	-0.08695765679762159	51.44550495168088	-0.0	0.31
wgEncodeUwRepliSeqGm12812WaveSignalRep1	-0.0855744090276752	583.2429860942241	-0.0	0.055
wgEncodeUwRepliSeqGm12813WaveSignalRep1	-0.0857705268653964	591.8968820114197	-0.0	0.12
wgEncodeUwRepliSeqGm12878WaveSignalRep1	-0.08555758001227014	1217.8555893029113	-0.0	0.04
wgEncodeUwRepliSeqHelas3WaveSignalRep1	-0.07353325042704677	153.1076142905803	-0.0	0.0
wgEncodeUwRepliSeqHepg2WaveSignalRep1	-0.08676733273331994	3174.8399027594337	-0.0	0.165
wgEncodeUwRepliSeqHuvecWaveSignalRep1	-0.08080433743296969	3562.0686889168855	-0.0	0.01
wgEncodeUwRepliSeqImr90WaveSignalRep1	-0.08471430328208732	895.6687518113479	-0.0	0.04
wgEncodeUwRepliSeqK562WaveSignalRep1	-0.07674638520780433	1737.0546917685142	-0.0	0.005
wgEncodeUwRepliSeqMcf7WaveSignalRep1	-0.07375119885894975	2110.967017843037	-0.0	0.01
wgEncodeUwRepliSeqNhekWaveSignalRep1	-0.08352022701208112	2514.846323784185	-0.0	0.025
wgEncodeUwRepliSeqSknshWaveSignalRep1	-0.08004656540874452	1.3804014719402975	-0.0013274648720239778	0.37
