binID	Length	Mu	nMut	PvalRaw	QvalRaw	nSample	nMutSample	PvalM	QvalM	nEigenAll	nEigen	fscore	MuAdj	Pval	Qval
enhancers::chr1:2267000-2269600::NA::NA	757	0.0010606190573542128	6	0.00018515306737707467	0.09764996533460556	6	6	0.00018515306737707467	0.09887173797935787	5.0		0.0		1	1.0
enhancers::chr7:132919600-132921800::NA::NA	905	0.000757826952942619	2	0.15085462143976272	0.21700483915545496	2	2	0.15085462143976272	0.21936358740714468	2.0		0.0		1	1.0
enhancers::chr4:11298600-11299600::NA::NA	694	0.0009896077926564574	2	0.1511719104229012	0.21700483915545496	2	2	0.1511719104229012	0.21936358740714468	2.0		0.0		1	1.0
enhancers::chr9:75610200-75612800::NA::NA	1212	0.0005612142437875911	2	0.14891853908372862	0.21700483915545496	2	2	0.14891853908372862	0.21907024757771648	2.0		0.0		1	1.0
enhancers::chr21:27959800-27961200::NA::NA	683	0.0009886384912372974	2	0.1471902526779944	0.21559978366602833	2	2	0.1471902526779944	0.2173865222046971	2.0		0.0		1	1.0
enhancers::chr21:38669600-38670400::NA::NA	800	0.0008446629016890405	2	0.14736689332977593	0.21559978366602833	2	2	0.14736689332977593	0.2173865222046971	2.0		0.0		1	1.0
enhancers::chr14:82897800-82899600::NA::NA	874	0.0015021106441349978	3	0.1457358092230172	0.2149759578167459	3	3	0.1457358092230172	0.21676742413188543	3.0		0.0		1	1.0
enhancers::chr19:42372200-42379400::NA::NA	799	0.0008393831589128662	2	0.14562797656807983	0.2149759578167459	2	2	0.14562797656807983	0.21676742413188543	1.0		0.0		1	1.0
enhancers::chr9:23768800-23772000::NA::NA	1502	0.0013439678176853085	4	0.14613534211138343	0.2149759578167459	4	4	0.14613534211138343	0.21676742413188543	4.0		0.0		1	1.0
enhancers::chr9:90062600-90063600::NA::NA	932	0.0007154970751090255	2	0.14432441080539749	0.21466311557847906	2	2	0.14432441080539749	0.2164670073060293	2.0		0.0		1	1.0
enhancers::chr3:73344000-73345400::NA::NA	669	0.0009985586360908847	2	0.1447167071315589	0.21466311557847906	2	2	0.1447167071315589	0.2164670073060293	2.0		0.0		1	1.0
enhancers::chr1:173178600-173183400::NA::NA	1068	0.0006225185622929278	2	0.14364751281867472	0.21430216608942984	2	2	0.14364751281867472	0.2161131703099039	2.0		0.0		1	1.0
enhancers::chrX:1351000-1352000::NA::NA	466	0.001427152078979477	2	0.1436707405618275	0.21430216608942984	2	2	0.1436707405618275	0.2161131703099039			0.0		1	1.0
enhancers::chr6:21907000-21908000::NA::NA	728	0.0009013670506085286	2	0.14067734465281367	0.2110160169792205	2	2	0.14067734465281367	0.21280935423400144	1.0		0.0		1	1.0
enhancers::chr12:64230200-64232200::NA::NA	944	0.0006903381441342424	2	0.13915365460423657	0.20931845509482347	2	2	0.13915365460423657	0.21110241920074527	2.0		0.0		1	1.0
enhancers::chr10:82036000-82041000::NA::NA	982	0.0006622368435129385	2	0.13869256752346149	0.20921421202691648	2	2	0.13869256752346149	0.21100236768526617	2.0		0.0		1	1.0
enhancers::chr8:109054800-109055600::NA::NA	639	0.0010123665577957892	2	0.13751354513614605	0.2084230203795522	2	2	0.13751354513614605	0.21020950341137692	1.0		0.0		1	1.0
enhancers::chr15:89913400-89916400::NA::NA	866	0.0007478464196596677	2	0.13777776440820586	0.2084230203795522	2	2	0.13777776440820586	0.21020950341137692	2.0		0.0		1	1.0
enhancers::chr12:7827200-7832600::NA::NA	773	0.0008307056375040485	2	0.1359112204827744	0.2067709166319132	2	2	0.1359112204827744	0.20855342453391243	2.0		0.0		1	1.0
enhancers::chr7:134128600-134130000::NA::NA	1181	0.0005422535724518483	2	0.13534298684382037	0.20649472849885736	2	2	0.13534298684382037	0.20827998551757948	2.0		0.0		1	1.0
enhancers::chr6:3592000-3595000::NA::NA	908	0.0007037044916335906	2	0.134847913930221	0.20635147823936278	2	2	0.134847913930221	0.20814065290617806	2.0		0.0		1	1.0
enhancers::chr12:22714400-22716000::NA::NA	963	0.0006609267075369132	2	0.1340106692739737	0.20635147823936278	2	2	0.1340106692739737	0.20814065290617806	2.0		0.0		1	1.0
enhancers::chr8:104197600-104199800::NA::NA	825	0.0007742694191229432	2	0.13477903589234996	0.20635147823936278	2	2	0.13477903589234996	0.20814065290617806	2.0		0.0		1	1.0
enhancers::chrX:148653400-148654800::NA::NA	780	0.0008165536540276557	2	0.13414918537595072	0.20635147823936278	2	2	0.13414918537595072	0.20814065290617806			0.0		1	1.0
enhancers::chr9:81839000-81840400::NA::NA	688	0.0009288490371665116	2	0.13486267023508916	0.20635147823936278	2	2	0.13486267023508916	0.20814065290617806	2.0		0.0		1	1.0
enhancers::chr4:176693000-176694600::NA::NA	387	0.0016443918150455606	2	0.13391899129713036	0.20635147823936278	2	2	0.13391899129713036	0.20814065290617806	2.0		0.0		1	1.0
enhancers::chr10:10773800-10775200::NA::NA	621	0.0010173271180694064	2	0.13240324671481563	0.20613216835484416	2	2	0.13240324671481563	0.20795098160503395	2.0		0.0		1	1.0
enhancers::chr7:137780800-137782400::NA::NA	740	0.0008508165007091306	2	0.13168965633733953	0.20562069147409154	2	2	0.13168965633733953	0.20744034361103042	2.0		0.0		1	1.0
enhancers::chr11:8553400-8554800::NA::NA	813	0.0007685518273512135	2	0.1300959128914186	0.20448948970870118	2	2	0.1300959128914186	0.2063044851794885	1.0		0.0		1	1.0
enhancers::chr1:103749000-103749600::NA::NA	523	0.001197640170527821	2	0.1305822396828972	0.20448948970870118	2	2	0.1305822396828972	0.2063044851794885	2.0		0.0		1	1.0
enhancers::chrX:30644200-30646800::NA::NA	925	0.0007407386459485736	2	0.15063093096076255	0.21700483915545496	2	2	0.15063093096076255	0.21936358740714468			0.0		1	1.0
enhancers::chr7:36764400-36768000::NA::NA	823	0.0007599612541230369	2	0.13030243168446384	0.20448948970870118	2	2	0.13030243168446384	0.2063044851794885	2.0		0.0		1	1.0
enhancers::chr5:92629600-92632400::NA::NA	942	0.000727750158249219	2	0.1507551089571038	0.21700483915545496	2	2	0.1507551089571038	0.21936358740714468	2.0		0.0		1	1.0
enhancers::chr17:12587600-12590400::NA::NA	1266	0.00105861078212906	3	0.1521612048975547	0.21783936572464932	3	3	0.1521612048975547	0.2202007680631279	3.0		0.0		1	1.0
enhancers::chr3:155044800-155046400::NA::NA	1009	0.0007637199207015346	2	0.18064716910918996	0.24056256434989387	2	2	0.18064716910918996	0.2423758500108227	2.0		0.0		1	1.0
enhancers::chr10:29111400-29112800::NA::NA	974	0.0007764674268513298	3	0.04127916584046753	0.14015863044983168	2	2	0.1755517915732971	0.23613263652428373	3.0		0.0		1	1.0
enhancers::chr11:88130600-88132200::NA::NA	859	0.0008773424869519665	2	0.17460948751379243	0.23310366583091288	2	2	0.17460948751379243	0.23545824831405343	2.0		0.0		1	1.0
enhancers::chr20:23734400-23736600::NA::NA	769	0.0009745768840291572	2	0.1731202511680242	0.23169477223991208	2	2	0.1731202511680242	0.23404104841449347	2.0		0.0		1	1.0
enhancers::chr16:15698600-15706400::NA::NA	1042	0.0007190060619086455	2	0.17304470808402403	0.23169477223991208	2	2	0.17304470808402403	0.23404104841449347	2.0		0.0		1	1.0
enhancers::chr13:38219200-38221600::NA::NA	699	0.0010660631138146408	2	0.17160351825355363	0.23082186082467918	2	2	0.17160351825355363	0.2331711927414698	2.0		0.0		1	1.0
enhancers::chr7:2698000-2704400::NA::NA	874	0.0008519172850685283	2	0.17140006675772235	0.23082186082467918	2	2	0.17140006675772235	0.2331711927414698	2.0		0.0		1	1.0
enhancers::chr2:79927400-79928200::NA::NA	509	0.001457208204185295	2	0.17036223975644163	0.23031249627832867	2	2	0.17036223975644163	0.2326686343476722	2.0		0.0		1	1.0
enhancers::chr21:29952400-29954000::NA::NA	957	0.0007730008726695525	2	0.16970214944721262	0.23000240559596838	2	2	0.16970214944721262	0.2323614046277219	2.0		0.0		1	1.0
enhancers::chr11:10818800-10825400::NA::NA	1802	0.00040889720002353666	2	0.16868518347921005	0.2292058218267129	2	2	0.16868518347921005	0.23156269403058655	2.0		0.0		1	1.0
enhancers::chr3:87003400-87004400::NA::NA	695	0.001058846313644717	2	0.16832525561535083	0.2292058218267129	2	2	0.16832525561535083	0.23156269403058655	2.0		0.0		1	1.0
enhancers::chr7:40684000-40685000::NA::NA	721	0.0010137480553609854	2	0.16657038272164273	0.2292058218267129	2	2	0.16657038272164273	0.23156269403058655	2.0		0.0		1	1.0
enhancers::chr7:41066800-41068600::NA::NA	1270	0.001106259488849155	3	0.1676198512458866	0.2292058218267129	3	3	0.1676198512458866	0.23156269403058655	3.0		0.0		1	1.0
enhancers::chr1:77463400-77465200::NA::NA	842	0.0008698486355707033	2	0.1671055088673605	0.2292058218267129	2	2	0.1671055088673605	0.23156269403058655	2.0		0.0		1	1.0
enhancers::chr16:23572800-23577400::NA::NA	919	0.0008000199570779329	2	0.16809760334034576	0.2292058218267129	2	2	0.16809760334034576	0.23156269403058655	2.0		0.0		1	1.0
enhancers::chr8:119862200-119863800::NA::NA	785	0.0009186889937441437	2	0.1631515820894873	0.22512388846456385	2	2	0.1631515820894873	0.22747505179056454	2.0		0.0		1	1.0
enhancers::chr17:52347400-52348000::NA::NA	600	0.0011964727657372424	2	0.16198551880286882	0.22409395606407242	2	2	0.16198551880286882	0.22644048963542396	2.0		0.0		1	1.0
enhancers::chrX:21426200-21427200::NA::NA	775	0.0009217190079100798	2	0.1607558893445507	0.22403953158464243	2	2	0.1607558893445507	0.22639165265114788			0.0		1	1.0
enhancers::chr9:110206200-110208000::NA::NA	754	0.0009491673780832941	2	0.16122339721980847	0.22403953158464243	2	2	0.16122339721980847	0.22639165265114788	1.0		0.0		1	1.0
enhancers::chr4:187806400-187809400::NA::NA	735	0.0009660645101157305	2	0.15925950172117526	0.22403953158464243	2	2	0.15925950172117526	0.22639165265114788	2.0		0.0		1	1.0
enhancers::chr12:16602800-16604000::NA::NA	868	0.0008209877409989314	2	0.16016126757208463	0.22403953158464243	2	2	0.16016126757208463	0.22639165265114788	2.0		0.0		1	1.0
enhancers::chr12:4391000-4395000::NA::NA	660	0.0010833935008838645	2	0.16099533350559203	0.22403953158464243	2	2	0.16099533350559203	0.22639165265114788	2.0		0.0		1	1.0
enhancers::chr3:165637000-165637800::NA::NA	466	0.0015378156540646907	2	0.16152662857694258	0.22403953158464243	2	2	0.16152662857694258	0.22639165265114788	2.0		0.0		1	1.0
enhancers::chr16:52606600-52610400::NA::NA	995	0.0007158656999794861	2	0.16005086991557393	0.22403953158464243	2	2	0.16005086991557393	0.22639165265114788	2.0		0.0		1	1.0
enhancers::chr11:9169600-9173800::NA::NA	1254	0.0005629151411182472	2	0.1578280424169144	0.22296342500167274	2	2	0.1578280424169144	0.22534806056318793	2.0		0.0		1	1.0
enhancers::chr2:179492800-179494400::NA::NA	725	0.0009653433000707347	2	0.15571072045261217	0.22055576849255942	2	2	0.15571072045261217	0.22292097780615253	1.0		0.0		1	1.0
enhancers::chr22:42991000-42993600::NA::NA	1624	0.0004306827857801095	2	0.15558395988401483	0.22055576849255942	2	2	0.15558395988401483	0.22292097780615253	2.0		0.0		1	1.0
enhancers::chr3:88738800-88740600::NA::NA	492	0.0014136316341151816	2	0.1541697745910859	0.21953775901770634	2	2	0.1541697745910859	0.22190474294242554	2.0		0.0		1	1.0
enhancers::chr13:39774600-39775800::NA::NA	653	0.0010632205019949817	2	0.15376370286268332	0.21953775901770634	2	2	0.15376370286268332	0.22190474294242554	2.0		0.0		1	1.0
enhancers::chr2:143898200-143900400::NA::NA	886	0.0007706449713216207	2	0.14980352162933655	0.21700483915545496	2	2	0.14980352162933655	0.21936358740714468	1.0		0.0		1	1.0
enhancers::chr5:15554200-15555800::NA::NA	541	0.0011565267446532108	2	0.13035547124491487	0.20448948970870118	2	2	0.13035547124491487	0.2063044851794885	2.0		0.0		1	1.0
enhancers::chr13:67832600-67833800::NA::NA	501	0.0012461418479286512	2	0.12989334011615744	0.20448948970870118	2	2	0.12989334011615744	0.2063044851794885	2.0		0.0		1	1.0
enhancers::chr22:48933000-48936200::NA::NA	508	0.0012215924768697378	2	0.12864235258428242	0.204449453214306	2	2	0.12864235258428242	0.20629134018020065	2.0		0.0		1	1.0
enhancers::chr8:91223200-91224200::NA::NA	524	0.00107575936293417	2	0.1100230482572802	0.19519039126042398	2	2	0.1100230482572802	0.19715023464004489	2.0		0.0		1	1.0
enhancers::chr5:150484000-150488600::NA::NA	862	0.0006533661987995961	2	0.10989348170325783	0.19519039126042398	2	2	0.10989348170325783	0.19715023464004489	2.0		0.0		1	1.0
enhancers::chr3:152848200-152849600::NA::NA	737	0.0007625608987057321	2	0.10950292101138184	0.19519039126042398	2	2	0.10950292101138184	0.19715023464004489	1.0		0.0		1	1.0
enhancers::chr4:189372800-189373600::NA::NA	314	0.0017729783794599224	2	0.10773880496193416	0.19306215385796255	2	2	0.10773880496193416	0.19502549779550116	2.0		0.0		1	1.0
enhancers::chr16:25580600-25581400::NA::NA	375	0.001480230191129955	2	0.10723999806602755	0.19281535005811012	2	2	0.10723999806602755	0.19478285363013167	2.0		0.0		1	1.0
enhancers::chrX:40273400-40274200::NA::NA	643	0.0008623034508520956	2	0.10708472706150812	0.19281535005811012	2	2	0.10708472706150812	0.19478285363013167			0.0		1	1.0
enhancers::chr4:169447600-169450200::NA::NA	702	0.0007864191189647716	2	0.10632795878138282	0.19247162708223195	2	2	0.10632795878138282	0.19444907530567954	2.0		0.0		1	1.0
enhancers::chr3:254000-254600::NA::NA	401	0.0013636015462276353	2	0.10461705354582344	0.19001872990976093	2	2	0.10461705354582344	0.1919776858882121	2.0		0.0		1	1.0
enhancers::chr5:5291400-5292200::NA::NA	434	0.001250017310243002	2	0.10326727744769902	0.18820725650877568	2	2	0.10326727744769902	0.190154228127832	2.0		0.0		1	1.0
enhancers::chr2:239155400-239157200::NA::NA	1151	0.000467893655241282	2	0.10207634600958808	0.18667386564767136	2	2	0.10207634600958808	0.18861165664055377	2.0		0.0		1	1.0
enhancers::chr20:44469400-44473000::NA::NA	1122	0.00047551537186698325	2	0.10050205690717579	0.186007249812525	2	2	0.10050205690717579	0.1879448253314055	2.0		0.0		1	1.0
enhancers::chr1:101640400-101641800::NA::NA	712	0.000752263994154882	2	0.1011346223806479	0.186007249812525	2	2	0.1011346223806479	0.1879448253314055	2.0		0.0		1	1.0
enhancers::chr9:74119200-74120400::NA::NA	648	0.0008229141928668905	2	0.10038907101121634	0.186007249812525	2	2	0.10038907101121634	0.1879448253314055	2.0		0.0		1	1.0
enhancers::chr2:188299000-188301200::NA::NA	713	0.0007506576191218003	2	0.1010115020921687	0.186007249812525	2	2	0.1010115020921687	0.1879448253314055	2.0		0.0		1	1.0
enhancers::chr5:9483200-9484600::NA::NA	560	0.0009578382198828005	2	0.10136350130233104	0.186007249812525	2	2	0.10136350130233104	0.1879448253314055	2.0		0.0		1	1.0
enhancers::chr15:90490800-90493000::NA::NA	805	0.0006610673670938003	2	0.10006025756092839	0.186007249812525	2	2	0.10006025756092839	0.1879448253314055	1.0		0.0		1	1.0
enhancers::chrX:22707600-22708800::NA::NA	482	0.0010976774028264617	2	0.09906698213806188	0.1856202402165791	2	2	0.09906698213806188	0.18759492362313845			0.0		1	1.0
enhancers::chr3:40018800-40020200::NA::NA	619	0.0008492733493839262	2	0.09803293485579721	0.18459279588707325	2	2	0.09803293485579721	0.18656353748017368	2.0		0.0		1	1.0
enhancers::chr14:80847800-80848800::NA::NA	551	0.0009549467140292944	2	0.09817294762533484	0.18459279588707325	2	2	0.09817294762533484	0.18656353748017368	2.0		0.0		1	1.0
enhancers::chr9:15350000-15352200::NA::NA	663	0.0007890934539856363	2	0.09725148716435385	0.18415707143888282	2	2	0.09725148716435385	0.18613725500274175	2.0		0.0		1	1.0
enhancers::chr8:13357600-13358600::NA::NA	665	0.0007838225069009013	2	0.09665480627908471	0.18367852865847417	2	2	0.09665480627908471	0.18598372134654179	2.0		0.0		1	1.0
enhancers::chr15:48131400-48132000::NA::NA	548	0.0009522362235003605	3	0.01603981465351161	0.13040777565576966	2	2	0.09682298601936072	0.18598372134654179	3.0		0.0		1	1.0
enhancers::chr7:93965000-93966400::NA::NA	671	0.0007609158908032613	2	0.0933705685153372	0.17921240690943413	2	2	0.0933705685153372	0.18180968816899112	2.0		0.0		1	1.0
enhancers::chr11:28070400-28072800::NA::NA	641	0.0007995864698120457	2	0.09396905231206283	0.17921240690943413	2	2	0.09396905231206283	0.18180968816899112	2.0		0.0		1	1.0
enhancers::chr11:59472800-59476400::NA::NA	801	0.0006367399350742114	2	0.09321264556437363	0.17921240690943413	2	2	0.09321264556437363	0.18180968816899112	2.0		0.0		1	1.0
enhancers::chr7:148131000-148132000::NA::NA	489	0.001047376806357982	2	0.09383757936170496	0.17921240690943413	2	2	0.09383757936170496	0.18180968816899112	2.0		0.0		1	1.0
enhancers::chr19:1976400-1981200::NA::NA	1285	0.000827808722864071	3	0.09231444417043297	0.17921240690943413	3	3	0.09231444417043297	0.18180968816899112	2.0		0.0		1	1.0
enhancers::chr19:15468200-15471800::NA::NA	1016	0.0005011597473912649	2	0.09296246626926707	0.17921240690943413	2	2	0.09296246626926707	0.18180968816899112	2.0		0.0		1	1.0
enhancers::chr6:159046200-159052000::NA::NA	1170	0.00043031003539012284	2	0.09122342226347949	0.17842224727545083	2	2	0.09122342226347949	0.1806639011618034	2.0		0.0		1	1.0
enhancers::chr1:171436800-171437800::NA::NA	780	0.0007240540647771241	2	0.11038936359058693	0.19519178860057423	2	2	0.11038936359058693	0.19715023464004489	2.0		0.0		1	1.0
enhancers::chr6:74775800-74776600::NA::NA	512	0.001107140668628417	2	0.11103557988710369	0.1956864675238065	2	2	0.11103557988710369	0.19764333219904456	2.0		0.0		1	1.0
enhancers::chr5:95872800-95875000::NA::NA	972	0.000599799600911278	2	0.11629682120063185	0.19718453679697845	2	2	0.11629682120063185	0.19908054195848787	2.0		0.0		1	1.0
enhancers::chr10:53442800-53443600::NA::NA	571	0.0010158260604233066	2	0.11530312204996486	0.19718453679697845	2	2	0.11530312204996486	0.19908054195848787	2.0		0.0		1	1.0
enhancers::chr7:90830600-90831400::NA::NA	654	0.0009380040863560009	2	0.12629108946257378	0.20131176648661014	2	2	0.12629108946257378	0.2031308487138988	2.0		0.0		1	1.0
enhancers::chr2:228293000-228294200::NA::NA	872	0.0006999828251501837	2	0.12528747712716612	0.2007470946089773	2	2	0.12528747712716612	0.202566554680962	2.0		0.0		1	1.0
enhancers::chr8:134666200-134667400::NA::NA	739	0.0008271097989789627	2	0.12556091685280601	0.2007470946089773	2	2	0.12556091685280601	0.202566554680962	2.0		0.0		1	1.0
enhancers::chr11:57750200-57751000::NA::NA	796	0.0007628952548950397	2	0.12424965156733048	0.20038570757801646	2	2	0.12424965156733048	0.20221293287508046	1.0		0.0		1	1.0
enhancers::chr10:61030600-61032600::NA::NA	717	0.0008450474276944596	2	0.12379252908082887	0.20038570757801646	2	2	0.12379252908082887	0.20221293287508046	2.0		0.0		1	1.0
enhancers::chr18:36250200-36251000::NA::NA	604	0.0010065742480175584	2	0.1244675824775934	0.20038570757801646	2	2	0.1244675824775934	0.20221293287508046	1.0		0.0		1	1.0
enhancers::chr9:136911200-136917800::NA::NA	732	0.0008309959478340776	2	0.12458437250168813	0.20038570757801646	2	2	0.12458437250168813	0.20221293287508046	1.0		0.0		1	1.0
enhancers::chr2:127294000-127295600::NA::NA	452	0.0013196476404590792	2	0.12065626704993371	0.19930073039866048	2	2	0.12065626704993371	0.20114042944849422	2.0		0.0		1	1.0
enhancers::chr9:102278200-102279200::NA::NA	644	0.0009223599491693093	2	0.11986808914232126	0.19930073039866048	2	2	0.11986808914232126	0.20114042944849422	2.0		0.0		1	1.0
enhancers::chr6:146521200-146521800::NA::NA	600	0.001000063908428592	2	0.121848057464574	0.19930073039866048	2	2	0.121848057464574	0.20114042944849422	2.0		0.0		1	1.0
enhancers::chr7:114698800-114700400::NA::NA	731	0.0008186955484139212	2	0.12134252961245527	0.19930073039866048	2	2	0.12134252961245527	0.20114042944849422	2.0		0.0		1	1.0
enhancers::chr8:97824000-97825600::NA::NA	801	0.0007428268811730742	2	0.12020971138725486	0.19930073039866048	2	2	0.12020971138725486	0.20114042944849422	2.0		0.0		1	1.0
enhancers::chr7:41817400-41818600::NA::NA	660	0.0009108043413465058	2	0.1222139647606258	0.19930073039866048	2	2	0.1222139647606258	0.20114042944849422	2.0		0.0		1	1.0
enhancers::chr11:27925800-27927000::NA::NA	637	0.0009326452752688039	2	0.1198986463812631	0.19930073039866048	2	2	0.1198986463812631	0.20114042944849422	2.0		0.0		1	1.0
enhancers::chr7:37696400-37697800::NA::NA	620	0.0012508791244830375	2	0.18239517555713752	0.2410965188523393	2	2	0.18239517555713752	0.2428912820199746	2.0		0.0		1	1.0
enhancers::chr21:46947000-46948600::NA::NA	708	0.0008482794899644811	2	0.12203715077086799	0.19930073039866048	2	2	0.12203715077086799	0.20114042944849422	2.0		0.0		1	1.0
enhancers::chr4:157745800-157746400::NA::NA	600	0.0010029413870089226	2	0.12241692803513227	0.19930073039866048	2	2	0.12241692803513227	0.20114042944849422	2.0		0.0		1	1.0
enhancers::chr8:130798600-130799600::NA::NA	800	0.0007368780648794437	2	0.1184074213215145	0.19883510372858093	2	2	0.1184074213215145	0.20072877138313885	2.0		0.0		1	1.0
enhancers::chr5:8997400-8998200::NA::NA	507	0.0011592541426406475	2	0.11780350624513926	0.19855631197849383	2	2	0.11780350624513926	0.20045334680631385	2.0		0.0		1	1.0
enhancers::chr13:103597200-103598000::NA::NA	715	0.0008222020300656605	2	0.11786957096850664	0.19855631197849383	2	2	0.11786957096850664	0.20045334680631385	2.0		0.0		1	1.0
enhancers::chr16:66196400-66198400::NA::NA	546	0.001060761853558669	2	0.11502051803193476	0.19718453679697845	2	2	0.11502051803193476	0.19908054195848787	2.0		0.0		1	1.0
enhancers::chr3:154928800-154930200::NA::NA	618	0.0009417314151495299	2	0.1159431896986594	0.19718453679697845	2	2	0.1159431896986594	0.19908054195848787	2.0		0.0		1	1.0
enhancers::chr2:220762000-220762800::NA::NA	610	0.0009376562107299928	2	0.11269578536402809	0.19718453679697845	2	2	0.11269578536402809	0.19908054195848787	2.0		0.0		1	1.0
enhancers::chr8:16994800-16997200::NA::NA	703	0.0008294655834545821	2	0.11631672114428504	0.19718453679697845	2	2	0.11631672114428504	0.19908054195848787	2.0		0.0		1	1.0
enhancers::chr5:71827200-71828000::NA::NA	661	0.0008754497692126097	2	0.11486972170054302	0.19718453679697845	2	2	0.11486972170054302	0.19908054195848787	2.0		0.0		1	1.0
enhancers::chr7:93567200-93568800::NA::NA	532	0.0010928563380697253	2	0.11574083897034261	0.19718453679697845	2	2	0.11574083897034261	0.19908054195848787	2.0		0.0		1	1.0
enhancers::chr7:91408000-91408800::NA::NA	800	0.0007242794021340259	2	0.11512392313081846	0.19718453679697845	2	2	0.11512392313081846	0.19908054195848787	1.0		0.0		1	1.0
enhancers::chrX:78407400-78409800::NA::NA	541	0.0010667407199911557	2	0.1143488000557612	0.19718453679697845	2	2	0.1143488000557612	0.19908054195848787			0.0		1	1.0
enhancers::chr9:102162200-102163000::NA::NA	634	0.0009090497907991568	2	0.11411037497035373	0.19718453679697845	2	2	0.11411037497035373	0.19908054195848787	2.0		0.0		1	1.0
enhancers::chr20:8170400-8171600::NA::NA	875	0.0006641573570742367	2	0.11568493691472057	0.19718453679697845	2	2	0.11568493691472057	0.19908054195848787	2.0		0.0		1	1.0
enhancers::chr16:51340600-51341600::NA::NA	635	0.0009472467566493656	2	0.12233382078377598	0.19930073039866048	2	2	0.12233382078377598	0.20114042944849422	2.0		0.0		1	1.0
enhancers::chr10:108841200-108842400::NA::NA	702	0.0011083706880242676	2	0.1833055929851119	0.2410965188523393	2	2	0.1833055929851119	0.2428912820199746	2.0		0.0		1	1.0
enhancers::chr12:80945200-80947800::NA::NA	881	0.0008805165151376648	2	0.1824779493483592	0.2410965188523393	2	2	0.1824779493483592	0.2428912820199746	2.0		0.0		1	1.0
enhancers::chr7:112837200-112840200::NA::NA	1335	0.0010961952348727245	3	0.18195556591162315	0.2410965188523393	3	3	0.18195556591162315	0.2428912820199746	2.0		0.0		1	1.0
enhancers::chr10:54245000-54249200::NA::NA	1707	0.0007665240734059447	2	0.37621184238364164	0.402599446558847	2	2	0.37621184238364164	0.40340787918245913	2.0		0.0		1	1.0
enhancers::chr8:108328400-108333600::NA::NA	1130	0.0011502922911927867	2	0.3731778664294321	0.4001545796652947	2	2	0.3731778664294321	0.40095971966462124	2.0		0.0		1	1.0
enhancers::chr6:10202000-10203000::NA::NA	1000	0.0012749229128882545	2	0.36432954127874767	0.3918353921744925	2	2	0.36432954127874767	0.3926253828845217	2.0		0.0		1	1.0
enhancers::chr7:41045000-41047000::NA::NA	1642	0.000777095558615914	2	0.3646857488964846	0.3918353921744925	2	2	0.3646857488964846	0.3926253828845217	2.0		0.0		1	1.0
enhancers::chr8:35575200-35577000::NA::NA	1343	0.0009438588415080271	2	0.3617019653601585	0.39054152469971115	2	2	0.3617019653601585	0.39133209458776724	1.0		0.0		1	1.0
enhancers::chr14:83321000-83322800::NA::NA	901	0.001407800018144496	2	0.362018829075575	0.39054152469971115	2	2	0.362018829075575	0.39133209458776724	2.0		0.0		1	1.0
enhancers::chr21:41108800-41110200::NA::NA	1113	0.001127579491495502	2	0.35720396800696413	0.38691058603594086	2	2	0.35720396800696413	0.3876969896660952	2.0		0.0		1	1.0
enhancers::chr7:86335600-86339000::NA::NA	1145	0.001093214221686707	2	0.3560330391136093	0.3864261034281857	2	2	0.3560330391136093	0.3872131219687726	1.0		0.0		1	1.0
enhancers::chr22:33232600-33253200::NA::NA	1177	0.0010633044707283907	2	0.3559525576032332	0.3864261034281857	2	2	0.3559525576032332	0.3872131219687726	2.0		0.0		1	1.0
enhancers::chr6:51359200-51361600::NA::NA	1410	0.0008834277701368768	2	0.3538385217437133	0.38561177675743447	2	2	0.3538385217437133	0.3864003488980427	2.0		0.0		1	1.0
enhancers::chr1:58309600-58311800::NA::NA	1251	0.0009745615061874371	2	0.3443308554342742	0.3760177439711706	2	2	0.3443308554342742	0.37678827213504595	2.0		0.0		1	1.0
enhancers::chr5:119781000-119783800::NA::NA	1204	0.0010094581420595878	2	0.3429662374112389	0.3752950220852491	2	2	0.3429662374112389	0.3760656484139662	2.0		0.0		1	1.0
enhancers::chr1:65806200-65810600::NA::NA	1503	0.0008080772999878222	2	0.34265279993957537	0.3752950220852491	2	2	0.34265279993957537	0.3760656484139662	2.0		0.0		1	1.0
enhancers::chr8:108455400-108457400::NA::NA	1075	0.0011046185741989897	2	0.33287500339627657	0.36575154694158785	2	2	0.33287500339627657	0.3665056738424983	2.0		0.0		1	1.0
enhancers::chr8:141552400-141561400::NA::NA	1841	0.000641050993672825	2	0.3302166967836784	0.3635787960463593	2	2	0.3302166967836784	0.3643299919059592	2.0		0.0		1	1.0
enhancers::chr3:98690400-98692000::NA::NA	1042	0.0011320221176524766	2	0.33001221306295275	0.3635787960463593	2	2	0.33001221306295275	0.3643299919059592	2.0		0.0		1	1.0
enhancers::chr4:177687600-177693200::NA::NA	1230	0.0009527205864034684	2	0.3272038159517916	0.3617532872013597	2	2	0.3272038159517916	0.36250381269347864	2.0		0.0		1	1.0
enhancers::chr18:66095200-66098200::NA::NA	1733	0.001144654248038521	3	0.31890535250936536	0.35331007933610187	3	3	0.31890535250936536	0.354044611725574	3.0		0.0		1	1.0
enhancers::chr13:81474400-81475600::NA::NA	1086	0.001055678198521479	2	0.3179721549896693	0.35300858786794886	2	2	0.3179721549896693	0.3537440224260071	2.0		0.0		1	1.0
enhancers::chr19:29090200-29093400::NA::NA	978	0.0011549623500866195	2	0.3118033554823272	0.34728822302856444	2	2	0.3118033554823272	0.34801325063405203	1.0		0.0		1	1.0
enhancers::chrX:78435800-78439000::NA::NA	1021	0.001107304534133925	2	0.31216918923915904	0.34728822302856444	2	2	0.31216918923915904	0.34801325063405203			0.0		1	1.0
enhancers::chr8:130593800-130597400::NA::NA	2335	0.000831818394437365	3	0.3077026819747286	0.3437515317458265	3	3	0.3077026819747286	0.3444721848522119	3.0		0.0		1	1.0
enhancers::chr11:104969600-104972200::NA::NA	1166	0.0009504663148033413	2	0.3040068813026686	0.34033474762185545	2	2	0.3040068813026686	0.3410497365874476	2.0		0.0		1	1.0
enhancers::chr14:29823600-29825400::NA::NA	1652	0.0011636057132338776	3	0.30228469046886414	0.3391176989713728	3	3	0.30228469046886414	0.33983163096920727	2.0		0.0		1	1.0
enhancers::chr9:81637000-81639200::NA::NA	918	0.0012010298078811278	2	0.30192514417246635	0.3391176989713728	2	2	0.30192514417246635	0.33983163096920727	2.0		0.0		1	1.0
enhancers::chr2:79342000-79344800::NA::NA	1278	0.0015003321538055866	3	0.3009689775038139	0.33906631642834734	3	3	0.3009689775038139	0.33978315853496116	2.0		0.0		1	1.0
enhancers::chr22:35367800-35370000::NA::NA	1180	0.0009221443491723064	2	0.29663716732261247	0.33489270052912273	2	2	0.29663716732261247	0.33560221896244713	2.0		0.0		1	1.0
enhancers::chr4:46891200-46892600::NA::NA	877	0.00121612436233092	2	0.2887175567953372	0.32664232061167386	2	2	0.2887175567953372	0.32733582872337597	2.0		0.0		1	1.0
enhancers::chr2:168682200-168685400::NA::NA	1109	0.0009592099592268316	2	0.2876943367359837	0.3261757448344274	2	2	0.2876943367359837	0.32686973578088363	2.0		0.0		1	1.0
enhancers::chr4:69328400-69332800::NA::NA	1809	0.0007270684856607916	2	0.3786166316940592	0.4029534954745366	2	2	0.3786166316940592	0.40375779386869737	2.0		0.0		1	1.0
enhancers::chr7:36834000-36837200::NA::NA	1967	0.0006668242879443059	2	0.37733315088333946	0.4029534954745366	2	2	0.37733315088333946	0.40375779386869737	2.0		0.0		1	1.0
enhancers::chr3:154781800-154783800::NA::NA	1264	0.00104094535726276	2	0.37880646952849695	0.4029534954745366	2	2	0.37880646952849695	0.40375779386869737	2.0		0.0		1	1.0
enhancers::chr13:38189400-38193400::NA::NA	1456	0.0009127114127997648	3	0.14952398778417594	0.21700483915545496	2	2	0.38343657672303527	0.40706785679940527	3.0		0.0		1	1.0
enhancers::chr2:5549400-5552800::NA::NA	1993	0.0018969744271730299	4	0.522704719517001	0.5336985090288309	2	2	0.8911928124440397	0.8945431613630023	4.0		0.0		1	1.0
enhancers::chr21:47408600-47418200::NA::NA	3884	0.0009633306687629746	3	0.7216752042835604	0.7243882689613181	3	3	0.7216752042835604	0.7257524653247104	2.0		0.0		1	1.0
enhancers::chr8:11543000-11549600::NA::NA	3595	0.0006269811246233565	2	0.6584924307975828	0.6622127270167781	2	2	0.6584924307975828	0.6634621849922816	2.0		0.0		1	1.0
enhancers::chr14:30663000-30666600::NA::NA	2169	0.0009786683782562517	2	0.6263356151437696	0.6310626763901377	2	2	0.6263356151437696	0.632255611506187	2.0		0.0		1	1.0
enhancers::chr16:65632800-65634400::NA::NA	1600	0.0013036727651938886	2	0.6169231198402398	0.622754151218692	2	2	0.6169231198402398	0.6239336098384244	2.0		0.0		1	1.0
enhancers::chr15:27694200-27695600::NA::NA	1081	0.0018276440175638666	2	0.5876167815848587	0.5942942450119595	2	2	0.5876167815848587	0.5954219380764982	2.0		0.0		1	1.0
enhancers::chr16:52557800-52563000::NA::NA	2323	0.0008398128184565178	2	0.5806477884146893	0.5883603776346188	2	2	0.5806477884146893	0.5894789334856352	1.0		0.0		1	1.0
enhancers::chr2:58859800-58862800::NA::NA	1988	0.0009215956363061122	2	0.546767707011508	0.55508356567328	2	2	0.546767707011508	0.5561408677031339	2.0		0.0		1	1.0
enhancers::chr20:41788200-41791600::NA::NA	1611	0.0011279884596281668	2	0.5423942117737617	0.5516923982613119	2	2	0.5423942117737617	0.5527452463495969	2.0		0.0		1	1.0
enhancers::chr5:33308600-33314600::NA::NA	2763	0.0010152628134569657	3	0.5318754195281005	0.542025713793904	3	3	0.5318754195281005	0.5430620918317508	3.0		0.0		1	1.0
enhancers::chr2:181985000-181988000::NA::NA	1806	0.000915876904342653	2	0.4924523909627725	0.5037731355826064	2	2	0.4924523909627725	0.5037731355826064	2.0		0.0		1	1.0
enhancers::chrX:86881000-86885200::NA::NA	1163	0.0013659998096216862	2	0.47152786714442485	0.48329343772576366	2	2	0.47152786714442485	0.48329343772576366			0.0		1	1.0
enhancers::chr18:59066400-59068400::NA::NA	1528	0.001030599920746027	2	0.46697283638166065	0.4795451819765515	2	2	0.46697283638166065	0.4795451819765515	2.0		0.0		1	1.0
enhancers::chr13:73612200-73615800::NA::NA	2114	0.0007415918303118055	2	0.46464937196106043	0.47807854456109106	2	2	0.46464937196106043	0.47807854456109106	2.0		0.0		1	1.0
enhancers::chr2:162962400-162965000::NA::NA	1457	0.0007273615763286659	3	0.09154999204770324	0.17842224727545083	2	2	0.2862229993616802	0.3258914321090346	3.0		0.0		1	1.0
enhancers::chr21:18113400-18115000::NA::NA	1312	0.0011831862524844079	2	0.4596447602200461	0.4738422817712444	2	2	0.4596447602200461	0.4738422817712444	2.0		0.0		1	1.0
enhancers::chr9:81835200-81837600::NA::NA	1268	0.0012018925023733501	2	0.4502794001416112	0.4659868210767837	2	2	0.4502794001416112	0.4659868210767837	2.0		0.0		1	1.0
enhancers::chr13:54757800-54760600::NA::NA	876	0.0017121305113783323	2	0.44225980227076866	0.4585761833254184	2	2	0.44225980227076866	0.4585761833254184	2.0		0.0		1	1.0
enhancers::chr2:197047000-197051600::NA::NA	2164	0.0006912329520875888	2	0.4408347710524539	0.4580536284763794	2	2	0.4408347710524539	0.4580536284763794	2.0		0.0		1	1.0
enhancers::chr7:41950800-41952400::NA::NA	1243	0.001203451182305274	2	0.4408980618667772	0.4580536284763794	2	2	0.4408980618667772	0.4580536284763794	2.0		0.0		1	1.0
enhancers::chr16:31196800-31202200::NA::NA	3416	0.0004325096982104588	2	0.43463494960194154	0.45331067009264997	2	2	0.43463494960194154	0.45331067009264997	2.0		0.0		1	1.0
enhancers::chr3:86997200-87001200::NA::NA	1492	0.0009751907940901452	2	0.42707227045010276	0.4462947014096964	2	2	0.42707227045010276	0.4462947014096964			0.0		1	1.0
enhancers::chr4:69736400-69740600::NA::NA	2140	0.0006722589045537323	2	0.421480481932156	0.4413148575524927	2	2	0.421480481932156	0.4413148575524927	2.0		0.0		1	1.0
enhancers::chr3:13880800-13884600::NA::NA	1706	0.0008300384702100167	2	0.4137533676114095	0.4340752422485121	2	2	0.4137533676114095	0.4340752422485121	2.0		0.0		1	1.0
enhancers::chr7:136830200-136833200::NA::NA	1648	0.0014144302751130156	3	0.4122216519713212	0.43331961053678253	3	3	0.4122216519713212	0.43331961053678253	2.0		0.0		1	1.0
enhancers::chr5:33235200-33242600::NA::NA	1566	0.0008768738014261818	2	0.3989315224522565	0.4201763964290039	2	2	0.3989315224522565	0.4201763964290039	2.0		0.0		1	1.0
enhancers::chr14:103805000-103808800::NA::NA	2942	0.0004625931179621439	2	0.39464090422700293	0.41714278456065945	2	2	0.39464090422700293	0.41714278456065945	2.0		0.0		1	1.0
enhancers::chr6:147212400-147215000::NA::NA	1684	0.0008091978760315209	2	0.3952701291904376	0.41714278456065945	2	2	0.3952701291904376	0.41714278456065945	2.0		0.0		1	1.0
enhancers::chr1:82011800-82015600::NA::NA	1539	0.0008661031753769483	2	0.3848499194020967	0.40775765269984054	2	2	0.3848499194020967	0.40775765269984054	2.0		0.0		1	1.0
enhancers::chr6:87041000-87042000::NA::NA	978	0.0013565995788682053	2	0.3827039220995089	0.40629004851120826	2	2	0.3827039220995089	0.40706785679940527	1.0		0.0		1	1.0
enhancers::chr8:64558800-64560800::NA::NA	946	0.001618648948364134	2	0.4527186042478157	0.46760490264668003	2	2	0.4527186042478157	0.46760490264668003	2.0		0.0		1	1.0
enhancers::chr1:186842600-186843400::NA::NA	555	0.0009049895725957176	2	0.09082442165007808	0.17842224727545083	2	2	0.09082442165007808	0.1806639011618034	2.0		0.0		1	1.0
enhancers::chr9:1994000-1996400::NA::NA	1244	0.0008410464515213141	2	0.28126107867683453	0.31956045960304175	2	2	0.28126107867683453	0.32092610259279836	2.0		0.0		1	1.0
enhancers::chr15:48972800-48976000::NA::NA	1526	0.0006737845040999268	2	0.27461566104907276	0.3133435106841984	2	2	0.27461566104907276	0.31468833261846535	2.0		0.0		1	1.0
enhancers::chr12:98453200-98454800::NA::NA	1043	0.0008611614903949575	2	0.22683986350649382	0.27910711316236797	2	2	0.22683986350649382	0.28039927572330486	2.0		0.0		1	1.0
enhancers::chr1:158788200-158790200::NA::NA	916	0.0009777492816286	2	0.22589602933647854	0.27910711316236797	2	2	0.22589602933647854	0.28039927572330486	1.0		0.0		1	1.0
enhancers::chr7:25675800-25677000::NA::NA	907	0.0009859179581445574	2	0.22538702542787453	0.27910711316236797	2	2	0.22538702542787453	0.28039927572330486	2.0		0.0		1	1.0
enhancers::chr19:43378800-43381000::NA::NA	1053	0.0008480556502586015	2	0.22494160666668492	0.27910711316236797	2	2	0.22494160666668492	0.28039927572330486	1.0		0.0		1	1.0
enhancers::chr7:46525400-46527200::NA::NA	1045	0.000841724421376596	2	0.22004433317530328	0.2739013377986293	2	2	0.22004433317530328	0.27518424804592967	2.0		0.0		1	1.0
enhancers::chr3:190953200-190958600::NA::NA	1026	0.0008520462103468737	2	0.21807212761763314	0.27208064520517783	2	2	0.21807212761763314	0.2733580191263289	2.0		0.0		1	1.0
enhancers::chr8:33715000-33715800::NA::NA	575	0.001517456439460665	2	0.2174502640906375	0.27194014291428675	2	2	0.2174502640906375	0.27321986123388337	2.0		0.0		1	1.0
enhancers::chrX:22331800-22333800::NA::NA	944	0.0009195093841911715	2	0.21581572422273046	0.2705295698003241	2	2	0.21581572422273046	0.2718056526767407			0.0		1	1.0
enhancers::chr8:109405600-109406600::NA::NA	926	0.0009270401013826126	2	0.2123266498066586	0.26678219058060165	2	2	0.2123266498066586	0.26804357209634916	2.0		0.0		1	1.0
enhancers::chr18:28976600-28982400::NA::NA	1426	0.000594753015344058	2	0.20858225809278266	0.262695579767797	2	2	0.20858225809278266	0.2639405825155117	2.0		0.0		1	1.0
enhancers::chr12:103508400-103511000::NA::NA	873	0.0009709566484139683	2	0.20840011896998548	0.262695579767797	2	2	0.20840011896998548	0.2639405825155117	2.0		0.0		1	1.0
enhancers::chr5:33367800-33372600::NA::NA	1788	0.0008712148937882569	4	0.07301280938255368	0.16177941995968326	3	3	0.20572913621027164	0.26156990175305966	3.0		0.0		1	1.0
enhancers::chr7:38040200-38043000::NA::NA	811	0.0010354586899829065	2	0.20553437116755335	0.2600837777333495	2	2	0.20553437116755335	0.26156990175305966	2.0		0.0		1	1.0
enhancers::chr8:49352000-49354400::NA::NA	1052	0.0007910171765797198	2	0.20278405757531515	0.25721303264897455	2	2	0.20278405757531515	0.2590590591990868	2.0		0.0		1	1.0
enhancers::chr17:4079200-4083000::NA::NA	1905	0.0004355843294881353	2	0.20193970645946407	0.25675191249846147	2	2	0.20193970645946407	0.2585990485596015	2.0		0.0		1	1.0
enhancers::chr4:10289800-10291800::NA::NA	1138	0.0007255663007672018	2	0.2004493340074822	0.2554652610023759	2	2	0.2004493340074822	0.25730755855768145	2.0		0.0		1	1.0
enhancers::chr4:139183600-139185600::NA::NA	1052	0.0007833627436085829	2	0.19986997311092528	0.25533628143835907	2	2	0.19986997311092528	0.2571820858824918	1.0		0.0		1	1.0
enhancers::chr7:141838800-141840600::NA::NA	1214	0.0006767935009402349	2	0.1989803676296405	0.2548093916408346	2	2	0.1989803676296405	0.25665583650779716	2.0		0.0		1	1.0
enhancers::chr19:29679000-29680000::NA::NA	631	0.0013018714933761002	2	0.19890722781967343	0.2548093916408346	2	2	0.19890722781967343	0.25665583650779716	2.0		0.0		1	1.0
enhancers::chr2:182709200-182711400::NA::NA	1130	0.0007199710370438959	2	0.1960686113676289	0.2524817733828228	2	2	0.1960686113676289	0.25432023289774625	1.0		0.0		1	1.0
enhancers::chr8:32181200-32182200::NA::NA	915	0.0008896116909783425	2	0.19621710852784918	0.2524817733828228	2	2	0.19621710852784918	0.25432023289774625	2.0		0.0		1	1.0
enhancers::chr12:25981000-25983800::NA::NA	988	0.0008177536009233555	2	0.19403666566313396	0.2513483617635645	2	2	0.19403666566313396	0.25318749611793206	2.0		0.0		1	1.0
enhancers::chr7:41153400-41156800::NA::NA	1886	0.0008022705442242469	3	0.19439489402313134	0.2513483617635645	3	3	0.19439489402313134	0.25318749611793206	3.0		0.0		1	1.0
enhancers::chr22:45565000-45573400::NA::NA	1680	0.0004776604432968272	2	0.19207886446110736	0.24956232024873803	2	2	0.19207886446110736	0.2513973373093905	1.0		0.0		1	1.0
enhancers::chr2:58258800-58260200::NA::NA	953	0.0008332093934846497	2	0.18903930772470467	0.24621217152437147	2	2	0.18903930772470467	0.24802700325550933	2.0		0.0		1	1.0
enhancers::chr9:95004600-95010400::NA::NA	1802	0.00043854589004240765	2	0.1876944264471678	0.24505824871097215	2	2	0.1876944264471678	0.24686902394775273	2.0		0.0		1	1.0
enhancers::chr2:76235000-76237600::NA::NA	867	0.0009097531560275508	2	0.18713736938276293	0.2449297922803809	2	2	0.18713736938276293	0.24674408703801334	2.0		0.0		1	1.0
enhancers::chr4:139408800-139410000::NA::NA	828	0.0009471264406328238	2	0.18551068770265483	0.2433973150693309	2	2	0.18551068770265483	0.2452047208743012	2.0		0.0		1	1.0
enhancers::chr4:100074600-100080000::NA::NA	1267	0.0006138604784033643	2	0.18321266521550805	0.2410965188523393	2	2	0.18321266521550805	0.2428912820199746	2.0		0.0		1	1.0
enhancers::chr12:31959400-31961400::NA::NA	1223	0.0007336710224751617	2	0.22650858181736247	0.27910711316236797	2	2	0.22650858181736247	0.28039927572330486	1.0		0.0		1	1.0
enhancers::chr12:54261400-54263800::NA::NA	1223	0.0007374573775675285	2	0.22820348673577667	0.28013945268253965	2	2	0.22820348673577667	0.2814333993462003	2.0		0.0		1	1.0
enhancers::chr9:82010000-82011800::NA::NA	792	0.0011461749768576282	2	0.23034277608733203	0.2821170697950351	2	2	0.23034277608733203	0.28341714845768506	1.0		0.0		1	1.0
enhancers::chr3:105104400-105108000::NA::NA	1134	0.0008026585375911811	2	0.23124417794598612	0.2825729771696947	2	2	0.23124417794598612	0.28387216327162434	2.0		0.0		1	1.0
enhancers::chrX:75674200-75675200::NA::NA	950	0.001077895245775583	2	0.2730742907641924	0.3122519727367853	2	2	0.2730742907641924	0.31359499197436286			0.0		1	1.0
enhancers::chr2:144017600-144021200::NA::NA	1210	0.0008404541825911328	2	0.2704788168715466	0.3099478287755491	2	2	0.2704788168715466	0.3112838107961334	2.0		0.0		1	1.0
enhancers::chr5:124125600-124128000::NA::NA	1421	0.000705489123876692	2	0.26516114123189466	0.305163899607396	2	2	0.26516114123189466	0.3064832823624644	1.0		0.0		1	1.0
enhancers::chr19:54126400-54128800::NA::NA	601	0.0016646624165124592	2	0.2644111758942883	0.305163899607396	2	2	0.2644111758942883	0.3064832823624644	2.0		0.0		1	1.0
enhancers::chr1:198581400-198588400::NA::NA	1157	0.0008647437485293446	2	0.2644282486214232	0.305163899607396	2	2	0.2644282486214232	0.3064832823624644	2.0		0.0		1	1.0
enhancers::chr1:247110600-247113400::NA::NA	1117	0.0008912816740701987	2	0.26260758533200895	0.305163899607396	2	2	0.26260758533200895	0.3064832823624644	2.0		0.0		1	1.0
enhancers::chr7:137222400-137224200::NA::NA	857	0.0011668702870654543	2	0.2642439602592853	0.305163899607396	2	2	0.2642439602592853	0.3064832823624644	2.0		0.0		1	1.0
enhancers::chr11:26951600-26953200::NA::NA	1144	0.0008776707781049822	2	0.265733632460339	0.30516507469638926	2	2	0.265733632460339	0.3064832823624644	1.0		0.0		1	1.0
enhancers::chr7:37751400-37754000::NA::NA	1013	0.0009813990263604084	2	0.2620906037468644	0.305163899607396	2	2	0.2620906037468644	0.3064832823624644	2.0		0.0		1	1.0
enhancers::chr5:150404600-150411000::NA::NA	1523	0.0006566127416091008	2	0.26424890805063195	0.305163899607396	2	2	0.26424890805063195	0.3064832823624644	2.0		0.0		1	1.0
enhancers::chr11:27955400-27956400::NA::NA	991	0.0010103038442230976	2	0.26468685383204854	0.305163899607396	2	2	0.26468685383204854	0.3064832823624644	2.0		0.0		1	1.0
enhancers::chr1:242374000-242376000::NA::NA	769	0.0012865051289135865	2	0.2603105590323118	0.3048373651825757	2	2	0.2603105590323118	0.30618026106443724	2.0		0.0		1	1.0
enhancers::chr20:14501400-14503600::NA::NA	1205	0.0008199355207959772	2	0.25983304669014784	0.3048373651825757	2	2	0.25983304669014784	0.30618026106443724	2.0		0.0		1	1.0
enhancers::chr5:152950400-152953600::NA::NA	1860	0.000944035825337128	3	0.2575719384412824	0.30295906415780793	3	3	0.2575719384412824	0.30429959099036463	2.0		0.0		1	1.0
enhancers::chr2:126615800-126616800::NA::NA	666	0.0015666563024274518	2	0.2802120792537768	0.3190474420501424	2	2	0.2802120792537768	0.32041381225164195	2.0		0.0		1	1.0
enhancers::chr7:42792800-42794200::NA::NA	977	0.000999565473462787	2	0.2556201708722106	0.30132708884273834	2	2	0.2556201708722106	0.30266335087751767	2.0		0.0		1	1.0
enhancers::chr3:34097800-34099200::NA::NA	1121	0.0008682358932674553	2	0.2544128475554963	0.3005673906960952	2	2	0.2544128475554963	0.30190324576585564	1.0		0.0		1	1.0
enhancers::chr18:36552000-36553000::NA::NA	907	0.0010662536620955323	2	0.2521306968699559	0.2991950936190143	2	2	0.2521306968699559	0.300530786001242	2.0		0.0		1	1.0
enhancers::chr4:82405800-82408200::NA::NA	1086	0.0008885313572140058	2	0.25134205711265606	0.2989235155860987	2	2	0.25134205711265606	0.30026098098021997	1.0		0.0		1	1.0
enhancers::chr16:27471200-27475600::NA::NA	1098	0.0008565260454821906	2	0.24234357267918633	0.2906179809605983	2	2	0.24234357267918633	0.2919212006061615	1.0		0.0		1	1.0
enhancers::chr6:9936800-9937600::NA::NA	637	0.0014824934683380345	2	0.24376364323068186	0.2906179809605983	2	2	0.24376364323068186	0.2919212006061615	2.0		0.0		1	1.0
enhancers::chr4:101261400-101262600::NA::NA	949	0.0009938385462031206	2	0.2433293692078165	0.2906179809605983	2	2	0.2433293692078165	0.2919212006061615	1.0		0.0		1	1.0
enhancers::chr4:177559800-177561000::NA::NA	856	0.0011033593820926734	2	0.2438143360867941	0.2906179809605983	2	2	0.2438143360867941	0.2919212006061615	2.0		0.0		1	1.0
enhancers::chr9:81486000-81487200::NA::NA	831	0.00112920972307213	2	0.24157188761978765	0.2905391621373122	2	2	0.24157188761978765	0.2918538189795625	1.0		0.0		1	1.0
enhancers::chr4:189083800-189084400::NA::NA	463	0.0020232040845152206	2	0.2409627065259817	0.2904606891306416	2	2	0.2409627065259817	0.29177797116751525	1.0		0.0		1	1.0
enhancers::chr16:4874600-4879600::NA::NA	2044	0.00045664575560732903	2	0.23974758332905902	0.28964979524370477	2	2	0.23974758332905902	0.29096638522208523	1.0		0.0		1	1.0
enhancers::chr19:39325400-39337800::NA::NA	2996	0.00031000569818406007	2	0.23805857004284026	0.28826139773894943	2	2	0.23805857004284026	0.2895746615099697	2.0		0.0		1	1.0
enhancers::chr11:26966200-26969400::NA::NA	1993	0.0008428259012607108	3	0.2374060352080537	0.2881245972752288	3	3	0.2374060352080537	0.2894402347057093	2.0		0.0		1	1.0
enhancers::chr10:16886400-16888000::NA::NA	1113	0.0008231243582354416	2	0.2334148324486229	0.2845610535646544	2	2	0.2334148324486229	0.2858633924825704	2.0		0.0		1	1.0
enhancers::chr9:85497000-85498600::NA::NA	929	0.0009876942595081995	2	0.23393689609528703	0.2845610535646544	2	2	0.23393689609528703	0.2858633924825704	2.0		0.0		1	1.0
enhancers::chr4:85287200-85288600::NA::NA	966	0.0010071774997776333	2	0.25428007990874496	0.3005673906960952	2	2	0.25428007990874496	0.30190324576585564	2.0		0.0		1	1.0
enhancers::chr21:26742600-26743400::NA::NA	453	0.0011126666646979054	2	0.09134691631776576	0.17842224727545083	2	2	0.09134691631776576	0.1806639011618034	2.0		0.0		1	1.0
enhancers::chr4:47553400-47556200::NA::NA	753	0.0006627721049863045	2	0.08987097417732931	0.17774481559516242	2	2	0.08987097417732931	0.17974194835465862	2.0		0.0		1	1.0
enhancers::chr10:4066800-4067400::NA::NA	493	0.0010056119086747288	2	0.088846251856696	0.17707490245293717	2	2	0.088846251856696	0.17907198781894773	2.0		0.0		1	1.0
enhancers::chr21:33750000-33751600::NA::NA	365	0.0005092851356294353	2	0.015246369476499958	0.13040777565576966	2	2	0.015246369476499958	0.13523769327265	2.0		0.0		1	1.0
enhancers::chr22:29722000-29728800::NA::NA	1070	0.0005301484948382348	4	0.00274154237736426	0.13040777565576966	3	3	0.01996983567371706	0.13523769327265	3.0		0.0		1	1.0
enhancers::chr22:36707400-36708800::NA::NA	348	0.00021379331553498382	2	0.0026273278347362693	0.13040777565576966	2	2	0.0026273278347362693	0.13523769327265	1.0		0.0		1	1.0
enhancers::chr22:42558400-42560000::NA::NA	488	0.0005457383654861843	2	0.029712517741034603	0.13040777565576966	2	2	0.029712517741034603	0.13523769327265	1.0		0.0		1	1.0
enhancers::chr2:106308200-106308800::NA::NA	275	0.0009271187780730659	2	0.027403107585315886	0.13040777565576966	2	2	0.027403107585315886	0.13523769327265	2.0		0.0		1	1.0
enhancers::chr2:151428600-151429800::NA::NA	1008	0.0011630234590785547	4	0.031329908012289125	0.13040777565576966	4	4	0.031329908012289125	0.13523769327265	4.0		0.0		1	1.0
enhancers::chr2:1679000-1680200::NA::NA	412	0.0012593284911009848	4	0.0019795199131116856	0.13040777565576966	4	4	0.0019795199131116856	0.13523769327265	4.0		0.0		1	1.0
enhancers::chr2:170526800-170528000::NA::NA	344	0.0005254630636904054	2	0.014463011107727419	0.13040777565576966	2	2	0.014463011107727419	0.13523769327265	2.0		0.0		1	1.0
enhancers::chr2:197950600-197952200::NA::NA	244	0.000664956879556027	2	0.011783256108162917	0.13040777565576966	2	2	0.011783256108162917	0.13523769327265	1.0		0.0		1	1.0
enhancers::chr2:203208600-203209200::NA::NA	395	0.00048760706859932585	2	0.016298877840153186	0.13040777565576966	2	2	0.016298877840153186	0.13523769327265	2.0		0.0		1	1.0
enhancers::chr2:214991800-214994200::NA::NA	702	0.0009695232324049153	3	0.03174949549878455	0.13040777565576966	3	3	0.03174949549878455	0.13523769327265	3.0		0.0		1	1.0
enhancers::chr2:50950000-50951200::NA::NA	479	0.0012287448652450732	3	0.021917677244172266	0.13040777565576966	3	3	0.021917677244172266	0.13523769327265	3.0		0.0		1	1.0
enhancers::chr18:26434800-26435800::NA::NA	516	0.0011570921097414412	3	0.022746127631702445	0.13040777565576966	3	3	0.022746127631702445	0.13523769327265	2.0		0.0		1	1.0
enhancers::chr2:54918800-54919400::NA::NA	278	0.000605144964874908	2	0.012623635261573401	0.13040777565576966	2	2	0.012623635261573401	0.13523769327265	2.0		0.0		1	1.0
enhancers::chrX:8636800-8637600::NA::NA	235	0.0010769840065998045	2	0.027024524640484934	0.13040777565576966	2	2	0.027024524640484934	0.13523769327265			0.0		1	1.0
enhancers::chr2:61856600-61857400::NA::NA	248	0.0006849095300745688	2	0.012850961173853166	0.13040777565576966	2	2	0.012850961173853166	0.13523769327265	2.0		0.0		1	1.0
enhancers::chr2:6465400-6466400::NA::NA	714	0.0014364687862193585	4	0.02050916258943756	0.13040777565576966	4	4	0.02050916258943756	0.13523769327265	3.0		0.0		1	1.0
enhancers::chr2:74738200-74739000::NA::NA	330	0.0004274368866108548	2	0.009037830350260647	0.13040777565576966	2	2	0.009037830350260647	0.13523769327265	2.0		0.0		1	1.0
enhancers::chr2:80009600-80011000::NA::NA	729	0.0014678185707261147	4	0.023487319344893252	0.13040777565576966	4	4	0.023487319344893252	0.13523769327265	3.0		0.0		1	1.0
enhancers::chr1:60417000-60418400::NA::NA	311	0.0007927182576040227	2	0.025770374210655783	0.13040777565576966	2	2	0.025770374210655783	0.13523769327265	2.0		0.0		1	1.0
enhancers::chr1:53810600-53811800::NA::NA	269	0.000623017363510762	2	0.012532007210590466	0.13040777565576966	2	2	0.012532007210590466	0.13523769327265	2.0		0.0		1	1.0
enhancers::chr1:29432200-29432800::NA::NA	308	0.0004352737674310169	2	0.008200297871579932	0.13040777565576966	2	2	0.008200297871579932	0.13523769327265	2.0		0.0		1	1.0
enhancers::chr3:128976400-128979400::NA::NA	328	0.000700847441609197	2	0.02265202942464238	0.13040777565576966	2	2	0.02265202942464238	0.13523769327265	2.0		0.0		1	1.0
enhancers::chr16:29651600-29653400::NA::NA	521	0.0005383027387546737	2	0.032652247181750034	0.13040777565576966	2	2	0.032652247181750034	0.13523769327265	1.0		0.0		1	1.0
enhancers::chr16:70190600-70191800::NA::NA	884	0.00027353827309729254	2	0.02490403390507581	0.13040777565576966	2	2	0.02490403390507581	0.13523769327265			0.0		1	1.0
enhancers::chr17:59483600-59486600::NA::NA	354	0.0004831473205695941	2	0.013031975163461116	0.13040777565576966	2	2	0.013031975163461116	0.13523769327265	1.0		0.0		1	1.0
enhancers::chr18:10352000-10354800::NA::NA	221	0.0008323956751530917	2	0.014929762747440097	0.13040777565576966	2	2	0.014929762747440097	0.13523769327265	2.0		0.0		1	1.0
enhancers::chr9:129215600-129216800::NA::NA	266	0.0007376293760387356	2	0.016859271325297784	0.13040777565576966	2	2	0.016859271325297784	0.13523769327265	2.0		0.0		1	1.0
enhancers::chr15:23813800-23816400::NA::NA	242	0.0011373308898204291	2	0.03150817809556079	0.13040777565576966	2	2	0.03150817809556079	0.13523769327265	2.0		0.0		1	1.0
enhancers::chr20:16581800-16582600::NA::NA	394	0.001038546541244608	3	0.008382150526018775	0.13040777565576966	3	3	0.008382150526018775	0.13523769327265	3.0		0.0		1	1.0
enhancers::chr10:101453600-101455200::NA::NA	445	0.0004398350588017803	2	0.016800861995306917	0.13040777565576966	2	2	0.016800861995306917	0.13523769327265	2.0		0.0		1	1.0
enhancers::chr9:133436000-133436800::NA::NA	273	0.0005471100917578573	2	0.010073529330398364	0.13040777565576966	2	2	0.010073529330398364	0.13523769327265	2.0		0.0		1	1.0
enhancers::chr2:215887000-215887800::NA::NA	354	0.0008087541026566117	2	0.0338784102400772	0.13040777565576966	2	2	0.0338784102400772	0.13523769327265	2.0		0.0		1	1.0
enhancers::chr1:101586800-101589000::NA::NA	319	0.0006913384179625185	2	0.020974254057438378	0.13040777565576966	2	2	0.020974254057438378	0.13523769327265	2.0		0.0		1	1.0
enhancers::chr1:168832200-168833800::NA::NA	658	0.0007175948700709141	3	0.012327892191779568	0.13040777565576966	3	3	0.012327892191779568	0.13523769327265	3.0		0.0		1	1.0
enhancers::chr1:112095600-112097800::NA::NA	300	0.0006461013816598197	2	0.01648375295100587	0.13040777565576966	2	2	0.01648375295100587	0.13523769327265	2.0		0.0		1	1.0
enhancers::chr1:171757200-171758600::NA::NA	501	0.00045157708405202304	2	0.022009373317643233	0.13040777565576966	2	2	0.022009373317643233	0.13523769327265	2.0		0.0		1	1.0
enhancers::chr1:178598200-178599200::NA::NA	403	0.0006354013094789738	2	0.027644024454125435	0.13040777565576966	2	2	0.027644024454125435	0.13523769327265	2.0		0.0		1	1.0
enhancers::chr1:192732200-192733400::NA::NA	583	0.0007302890356485753	3	0.009345282775144396	0.13040777565576966	3	3	0.009345282775144396	0.13523769327265	3.0		0.0		1	1.0
enhancers::chr1:196515400-196516200::NA::NA	678	0.0009691802120174632	3	0.029058672035749022	0.13040777565576966	3	3	0.029058672035749022	0.13523769327265	1.0		0.0		1	1.0
enhancers::chr1:211111200-211112200::NA::NA	563	0.0007711488286876395	3	0.009847450455326475	0.13040777565576966	3	3	0.009847450455326475	0.13523769327265	3.0		0.0		1	1.0
enhancers::chr1:219334400-219335200::NA::NA	735	0.0008393058429490875	3	0.024757006102483093	0.13040777565576966	3	3	0.024757006102483093	0.13523769327265	3.0		0.0		1	1.0
enhancers::chr1:27220400-27221600::NA::NA	457	0.0004663581858162196	2	0.019696628267478575	0.13040777565576966	2	2	0.019696628267478575	0.13523769327265	1.0		0.0		1	1.0
enhancers::chr8:32290200-32291000::NA::NA	586	0.0008745316571726737	4	0.0018996373179837663	0.13040777565576966	4	4	0.0018996373179837663	0.13523769327265	4.0		0.0		1	1.0
enhancers::chr3:148538000-148539200::NA::NA	954	0.0009684467454320988	4	0.014619900895030485	0.13040777565576966	4	4	0.014619900895030485	0.13523769327265	3.0		0.0		1	1.0
enhancers::chr8:55984200-55985200::NA::NA	830	0.0012770943886466538	4	0.022803731850094763	0.13040777565576966	4	4	0.022803731850094763	0.13523769327265	4.0		0.0		1	1.0
enhancers::chr19:30800600-30802200::NA::NA	692	0.0012579455460813257	4	0.011989519106221511	0.13040777565576966	4	4	0.011989519106221511	0.13523769327265	4.0		0.0		1	1.0
enhancers::chr9:19199000-19203400::NA::NA	424	0.0005684968118826857	2	0.024737725847193796	0.13040777565576966	2	2	0.024737725847193796	0.13523769327265	1.0		0.0		1	1.0
enhancers::chr8:75733800-75734600::NA::NA	602	0.0010343834314172756	3	0.02534283255799615	0.13040777565576966	3	3	0.02534283255799615	0.13523769327265	2.0		0.0		1	1.0
enhancers::chr7:130987400-130988200::NA::NA	294	0.0006743148989712985	2	0.017193322092566955	0.13040777565576966	2	2	0.017193322092566955	0.13523769327265	2.0		0.0		1	1.0
enhancers::chr8:70048400-70049000::NA::NA	244	0.0011172563537089702	2	0.030963537763880545	0.13040777565576966	2	2	0.030963537763880545	0.13523769327265	2.0		0.0		1	1.0
enhancers::chr8:59666000-59667000::NA::NA	393	0.00067868046280401	2	0.029784412617085212	0.13040777565576966	2	2	0.029784412617085212	0.13523769327265	2.0		0.0		1	1.0
enhancers::chr8:12944800-12945800::NA::NA	381	0.0007028125878514172	2	0.0299973628531954	0.13040777565576966	2	2	0.0299973628531954	0.13523769327265	2.0		0.0		1	1.0
enhancers::chr3:197339200-197340800::NA::NA	440	0.0004907340662678996	2	0.02017897675120389	0.13040777565576966	2	2	0.02017897675120389	0.13523769327265	2.0		0.0		1	1.0
enhancers::chr8:117255600-117256400::NA::NA	576	0.0010340304621985915	3	0.022611981646203465	0.13040777565576966	3	3	0.022611981646203465	0.13523769327265	3.0		0.0		1	1.0
enhancers::chr8:101420800-101424400::NA::NA	904	0.0005598356487912496	3	0.014821439961755318	0.13040777565576966	3	3	0.014821439961755318	0.13523769327265	3.0		0.0		1	1.0
enhancers::chr7:86377000-86378200::NA::NA	428	0.0011492228223086143	3	0.013714483436344828	0.13040777565576966	3	3	0.013714483436344828	0.13523769327265	3.0		0.0		1	1.0
enhancers::chr7:26949600-26950400::NA::NA	370	0.0007057322611464661	2	0.028647593841259002	0.13040777565576966	2	2	0.028647593841259002	0.13523769327265	1.0		0.0		1	1.0
enhancers::chr7:135678200-135679600::NA::NA	356	0.0006946651696856395	2	0.025925083833002658	0.13040777565576966	2	2	0.025925083833002658	0.13523769327265	2.0		0.0		1	1.0
enhancers::chr3:43254400-43261000::NA::NA	1374	0.0005088918096655703	3	0.03400620993328478	0.13040777565576966	3	3	0.03400620993328478	0.13523769327265	2.0		0.0		1	1.0
enhancers::chr19:47873000-47874400::NA::NA	369	0.0004331434444954492	2	0.011465226782727454	0.13040777565576966	2	2	0.011465226782727454	0.13523769327265	1.0		0.0		1	1.0
enhancers::chr9:74743000-74747800::NA::NA	2123	0.0006028662837743674	7	0.0003657302072457137	0.09764996533460556	4	5	0.009998713624241524	0.13523769327265	7.0		0.0		1	1.0
enhancers::chr18:7629000-7634200::NA::NA	332	0.000765828070670381	2	0.027276363435591297	0.13040777565576966	2	2	0.027276363435591297	0.13523769327265	2.0		0.0		1	1.0
enhancers::chr8:71053400-71057000::NA::NA	642	0.0006538348492606172	3	0.008998285603008088	0.13040777565576966	3	3	0.008998285603008088	0.13523769327265	3.0		0.0		1	1.0
enhancers::chr1:37948200-37950000::NA::NA	368	0.0004310006255636242	2	0.011299585837970147	0.13040777565576966	2	2	0.011299585837970147	0.13523769327265	1.0		0.0		1	1.0
enhancers::chr12:112324800-112326600::NA::NA	606	0.0004266561717906832	2	0.02815404639686018	0.13040777565576966	2	2	0.02815404639686018	0.13523769327265	2.0		0.0		1	1.0
enhancers::chr12:128170400-128171200::NA::NA	437	0.001716217813672208	5	0.0010472950614716732	0.13040777565576966	5	5	0.0010472950614716732	0.13523769327265	3.0		0.0		1	1.0
enhancers::chr9:88936400-88940400::NA::NA	963	0.0004858468676048	4	0.0013707610692983393	0.13040777565576966	4	4	0.0013707610692983393	0.13523769327265	4.0		0.0		1	1.0
enhancers::chr9:94808400-94809600::NA::NA	216	0.0005636649226432656	2	0.0068100315272681695	0.13040777565576966	2	2	0.0068100315272681695	0.13523769327265	2.0		0.0		1	1.0
enhancers::chrX:53500000-53502200::NA::NA	501	0.0007501677508695525	3	0.006663048492578329	0.13040777565576966	3	3	0.006663048492578329	0.13523769327265			0.0		1	1.0
enhancers::chrX:78413600-78417000::NA::NA	204	0.0009572521661159281	2	0.016695496852711475	0.13040777565576966	2	2	0.016695496852711475	0.13523769327265			0.0		1	1.0
enhancers::chr8:75007200-75007800::NA::NA	380	0.0007284365213953115	2	0.03186832098311419	0.13040777565576966	2	2	0.03186832098311419	0.13523769327265	2.0		0.0		1	1.0
enhancers::chr6:43745000-43750600::NA::NA	595	0.00044481361797512795	2	0.029382975328401374	0.13040777565576966	2	2	0.029382975328401374	0.13523769327265	2.0		0.0		1	1.0
enhancers::chr6:123383600-123385400::NA::NA	227	0.0010572559991149043	2	0.024504952935911078	0.13040777565576966	2	2	0.024504952935911078	0.13523769327265	2.0		0.0		1	1.0
enhancers::chr3:57612800-57614200::NA::NA	595	0.00031378934722559536	2	0.015384730987822367	0.13040777565576966	2	2	0.015384730987822367	0.13523769327265	2.0		0.0		1	1.0
enhancers::chr3:68808400-68810200::NA::NA	874	0.000934220960705198	4	0.009686424188189439	0.13040777565576966	4	4	0.009686424188189439	0.13523769327265	4.0		0.0		1	1.0
enhancers::chr4:139142200-139149200::NA::NA	358	0.0007923813479576509	3	0.0030595320255468674	0.13040777565576966	3	3	0.0030595320255468674	0.13523769327265	2.0		0.0		1	1.0
enhancers::chr4:145485400-145486000::NA::NA	600	0.0009268568336771303	3	0.018942617588650845	0.13040777565576966	3	3	0.018942617588650845	0.13523769327265	1.0		0.0		1	1.0
enhancers::chr4:40463200-40465600::NA::NA	345	0.0006209922604332153	2	0.019878722772967577	0.13040777565576966	2	2	0.019878722772967577	0.13523769327265	1.0		0.0		1	1.0
enhancers::chr4:55566200-55567800::NA::NA	621	0.0008138859031087207	3	0.014755312049780504	0.13040777565576966	3	3	0.014755312049780504	0.13523769327265	2.0		0.0		1	1.0
enhancers::chr4:74584000-74585200::NA::NA	328	0.000634991941792418	2	0.01885823417568106	0.13040777565576966	2	2	0.01885823417568106	0.13523769327265	2.0		0.0		1	1.0
enhancers::chr5:9396200-9397000::NA::NA	277	0.001119226939214809	3	0.00390995563875997	0.13040777565576966	3	3	0.00390995563875997	0.13523769327265	3.0		0.0		1	1.0
enhancers::chr4:87401600-87403400::NA::NA	549	0.0007085450296990202	3	0.0073196709600342495	0.13040777565576966	3	3	0.0073196709600342495	0.13523769327265	3.0		0.0		1	1.0
enhancers::chr4:90919400-90921000::NA::NA	662	0.0008956431134572136	3	0.022359999736270602	0.13040777565576966	3	3	0.022359999736270602	0.13523769327265	2.0		0.0		1	1.0
enhancers::chr4:95524400-95525000::NA::NA	302	0.0005958873710887793	2	0.014338078285534057	0.13040777565576966	2	2	0.014338078285534057	0.13523769327265	2.0		0.0		1	1.0
enhancers::chr5:112770600-112772000::NA::NA	435	0.0006506870992055868	2	0.03319474803166779	0.13040777565576966	2	2	0.03319474803166779	0.13523769327265	2.0		0.0		1	1.0
enhancers::chr5:127588200-127589200::NA::NA	224	0.0007544833571995287	2	0.012724914571561257	0.13040777565576966	2	2	0.012724914571561257	0.13523769327265	2.0		0.0		1	1.0
enhancers::chr5:143053600-143054200::NA::NA	585	0.0004888099300411159	2	0.033828834999314626	0.13040777565576966	2	2	0.033828834999314626	0.13523769327265	2.0		0.0		1	1.0
enhancers::chr5:179263200-179265400::NA::NA	643	0.000357725542122488	2	0.022701690358352282	0.13040777565576966	2	2	0.022701690358352282	0.13523769327265	2.0		0.0		1	1.0
enhancers::chr5:37576600-37577200::NA::NA	263	0.0007252456214330397	2	0.01598872282000524	0.13040777565576966	2	2	0.01598872282000524	0.13523769327265	2.0		0.0		1	1.0
enhancers::chr5:41156400-41157800::NA::NA	232	0.0007792924909303901	2	0.014452808595930393	0.13040777565576966	2	2	0.014452808595930393	0.13523769327265	2.0		0.0		1	1.0
enhancers::chr5:41182000-41184000::NA::NA	545	0.0008992141777698405	3	0.013596197250901216	0.13040777565576966	3	3	0.013596197250901216	0.13523769327265	3.0		0.0		1	1.0
enhancers::chr5:44048200-44049000::NA::NA	331	0.0008307397498714804	2	0.031477320233501395	0.13040777565576966	2	2	0.031477320233501395	0.13523769327265	1.0		0.0		1	1.0
enhancers::chr5:74305600-74307200::NA::NA	595	0.00047252476518070546	2	0.032804937505123685	0.13040777565576966	2	2	0.032804937505123685	0.13523769327265	2.0		0.0		1	1.0
enhancers::chr5:89774800-89776400::NA::NA	273	0.0006959376885227991	2	0.015872889494692916	0.13040777565576966	2	2	0.015872889494692916	0.13523769327265	2.0		0.0		1	1.0
enhancers::chr5:92532000-92534200::NA::NA	761	0.0008608271912671365	3	0.02884199667662745	0.13040777565576966	3	3	0.02884199667662745	0.13523769327265	3.0		0.0		1	1.0
enhancers::chr9:81327400-81329200::NA::NA	615	0.0009703078961015195	3	0.022727631638838723	0.13040777565576966	3	3	0.022727631638838723	0.13523769327265	3.0		0.0		1	1.0
enhancers::chr4:68749200-68751400::NA::NA	263	0.0009014622986636285	2	0.023969200438056556	0.13040777565576966	2	2	0.023969200438056556	0.13523769327265	1.0		0.0		1	1.0
enhancers::chr15:28311400-28312000::NA::NA	410	0.0010161069660685872	3	0.008800403411758901	0.13040777565576966	3	3	0.008800403411758901	0.13523769327265	3.0		0.0		1	1.0
enhancers::chr2:58960000-58962400::NA::NA	294	0.000850469810196818	2	0.026444275324233973	0.13040777565576966	2	2	0.026444275324233973	0.13523769327265	2.0		0.0		1	1.0
enhancers::chr13:50515600-50516200::NA::NA	270	0.000572649902091694	2	0.010757391455521724	0.13040777565576966	2	2	0.010757391455521724	0.13523769327265	2.0		0.0		1	1.0
enhancers::chr11:27085400-27086400::NA::NA	299	0.0008255400909843962	2	0.02582599641688902	0.13040777565576966	2	2	0.02582599641688902	0.13523769327265	1.0		0.0		1	1.0
enhancers::chr14:32926200-32928200::NA::NA	244	0.0008642699252986117	2	0.01928511807216186	0.13040777565576966	2	2	0.01928511807216186	0.13523769327265	2.0		0.0		1	1.0
enhancers::chr10:92704600-92708600::NA::NA	865	0.0006169020677794652	3	0.017027842242096556	0.13040777565576966	3	3	0.017027842242096556	0.13523769327265	2.0		0.0		1	1.0
enhancers::chr12:131346400-131348200::NA::NA	285	0.0007956735303384589	2	0.022080395600955236	0.13040777565576966	2	2	0.022080395600955236	0.13523769327265	1.0		0.0		1	1.0
enhancers::chr9:77796600-77797200::NA::NA	435	0.0006606370477060007	2	0.03412187770173759	0.13040777565576966	2	2	0.03412187770173759	0.13523769327265	2.0		0.0		1	1.0
enhancers::chr11:10136000-10137000::NA::NA	290	0.0005564266094340019	2	0.0116677404010716	0.13040777565576966	2	2	0.0116677404010716	0.13523769327265	2.0		0.0		1	1.0
enhancers::chr12:49905600-49906800::NA::NA	474	0.0005467518021262223	2	0.028266342794930684	0.13040777565576966	2	2	0.028266342794930684	0.13523769327265	1.0		0.0		1	1.0
enhancers::chr13:23466600-23467800::NA::NA	627	0.0010493958378111508	4	0.004610859681671051	0.13040777565576966	4	4	0.004610859681671051	0.13523769327265	4.0		0.0		1	1.0
enhancers::chr14:38658200-38659600::NA::NA	344	0.0010686767447175343	3	0.0062606846526468245	0.13040777565576966	3	3	0.0062606846526468245	0.13523769327265	3.0		0.0		1	1.0
enhancers::chr10:65661400-65662200::NA::NA	461	0.0007827196773598229	3	0.00595942820267541	0.13040777565576966	3	3	0.00595942820267541	0.13523769327265	3.0		0.0		1	1.0
enhancers::chr12:105688600-105689800::NA::NA	355	0.0005263407021887582	2	0.01539397994016216	0.13040777565576966	2	2	0.01539397994016216	0.13523769327265	2.0		0.0		1	1.0
enhancers::chr12:115371200-115372600::NA::NA	695	0.000744893411406657	3	0.015721298300284153	0.13040777565576966	3	3	0.015721298300284153	0.13523769327265	3.0		0.0		1	1.0
enhancers::chr12:68673000-68673600::NA::NA	221	0.000639957404260667	2	0.009072734093576708	0.13040777565576966	2	2	0.009072734093576708	0.13523769327265	1.0		0.0		1	1.0
enhancers::chr10:867200-869600::NA::NA	719	0.000277259070647819	2	0.017398546678171506	0.13040777565576966	2	2	0.017398546678171506	0.13523769327265	2.0		0.0		1	1.0
enhancers::chr14:29300200-29301000::NA::NA	618	0.0018325219216271658	4	0.028075564181046588	0.13040777565576966	4	4	0.028075564181046588	0.13523769327265	4.0		0.0		1	1.0
enhancers::chr10:5544400-5547400::NA::NA	611	0.0004255577211801099	2	0.028446578561308427	0.13040777565576966	2	2	0.028446578561308427	0.13523769327265	2.0		0.0		1	1.0
enhancers::chr11:96129800-96130600::NA::NA	434	0.0006572118000190634	2	0.03366056208248804	0.13040777565576966	2	2	0.03366056208248804	0.13523769327265	2.0		0.0		1	1.0
enhancers::chr12:91618600-91619800::NA::NA	449	0.0010275697825904721	3	0.011575318250135367	0.13040777565576966	3	3	0.011575318250135367	0.13523769327265	3.0		0.0		1	1.0
enhancers::chr14:54317400-54318400::NA::NA	574	0.000451081751917437	2	0.028225583817554474	0.13040777565576966	2	2	0.028225583817554474	0.13523769327265	2.0		0.0		1	1.0
enhancers::chr12:103917600-103918600::NA::NA	302	0.0007158110365037918	2	0.020207426311261056	0.13040777565576966	2	2	0.020207426311261056	0.13523769327265	2.0		0.0		1	1.0
enhancers::chr10:36015400-36017400::NA::NA	549	0.000903645091883703	3	0.014042880936065663	0.13040777565576966	3	3	0.014042880936065663	0.13523769327265	2.0		0.0		1	1.0
enhancers::chr10:60541600-60543400::NA::NA	562	0.0005118090988676857	2	0.034189304479040734	0.13040777565576966	2	2	0.034189304479040734	0.13523769327265	2.0		0.0		1	1.0
enhancers::chr12:62608200-62610200::NA::NA	762	0.0007706975657219761	3	0.02182436733667711	0.13040777565576966	3	3	0.02182436733667711	0.13523769327265	3.0		0.0		1	1.0
enhancers::chr11:19859800-19861200::NA::NA	262	0.0005619302332331428	2	0.009800002887991087	0.13040777565576966	2	2	0.009800002887991087	0.13523769327265	2.0		0.0		1	1.0
enhancers::chr11:84620600-84621200::NA::NA	219	0.0010827786077747177	2	0.02396444064438164	0.13040777565576966	2	2	0.02396444064438164	0.13523769327265	2.0		0.0		1	1.0
enhancers::chr12:23963200-23964200::NA::NA	804	0.000895578911598976	4	0.006310521953762124	0.13040777565576966	4	4	0.006310521953762124	0.13523769327265	4.0		0.0		1	1.0
enhancers::chr10:101967800-101968400::NA::NA	283	0.0006411741533208574	2	0.014560472957570307	0.13040777565576966	2	2	0.014560472957570307	0.13523769327265	2.0		0.0		1	1.0
enhancers::chr10:114999400-115002400::NA::NA	408	0.0006840596187967023	2	0.03235369290018162	0.13040777565576966	2	2	0.03235369290018162	0.13523769327265	2.0		0.0		1	1.0
enhancers::chr11:107125400-107126200::NA::NA	556	0.0010425516973282028	3	0.02108384784948111	0.13040777565576966	3	3	0.02108384784948111	0.13523769327265	3.0		0.0		1	1.0
enhancers::chr10:60751600-60757000::NA::NA	445	0.0005870336921771865	2	0.028678357070890833	0.13040777565576966	2	2	0.028678357070890833	0.13523769327265	2.0		0.0		1	1.0
enhancers::chr7:94037400-94055000::NA::NA	4583	0.0009217745962141137	2	0.9236431613302551	0.9253760753289986	2	2	0.9236431613302551	0.9253760753289986	2.0		0.0		1	1.0
enhancers::chr1:108066000-108068000::NA::NA	288	0.0009898577549595307	2	0.03360267339467946	0.13040777565576966	2	2	0.03360267339467946	0.13523769327265	2.0		0.0		1	1.0
enhancers::chr1:159441000-159445000::NA::NA	744	0.0009070043056452678	3	0.03107918065734046	0.13040777565576966	3	3	0.03107918065734046	0.13523769327265	3.0		0.0		1	1.0
enhancers::chr12:133442600-133444800::NA::NA	459	0.0009264536014062019	2	0.0683712707011494	0.1590188797942619	2	2	0.0683712707011494	0.16037223196272368	2.0		0.0		1	1.0
enhancers::chr13:73943200-73944400::NA::NA	610	0.0007016424463193589	2	0.06915779259908325	0.1590188797942619	2	2	0.06915779259908325	0.16037223196272368	2.0		0.0		1	1.0
enhancers::chr4:7032200-7034600::NA::NA	577	0.0007434297812773812	2	0.06942165179467782	0.1590188797942619	2	2	0.06942165179467782	0.16037223196272368	2.0		0.0		1	1.0
enhancers::chr21:15910200-15911600::NA::NA	932	0.0010148446649092457	3	0.07051996614287108	0.1590188797942619	3	3	0.07051996614287108	0.16037223196272368	2.0		0.0		1	1.0
enhancers::chr8:56931200-56932400::NA::NA	451	0.0009545776528150016	2	0.06983978475453712	0.1590188797942619	2	2	0.06983978475453712	0.16037223196272368	2.0		0.0		1	1.0
enhancers::chr5:155310800-155311800::NA::NA	367	0.0011610099460443606	2	0.06858846867621725	0.1590188797942619	2	2	0.06858846867621725	0.16037223196272368	2.0		0.0		1	1.0
enhancers::chr11:88116800-88118400::NA::NA	1232	0.0007524401067230931	3	0.06730796743996159	0.1583368044622885	3	3	0.06730796743996159	0.1597442427241755	3.0		0.0		1	1.0
enhancers::chr7:40436600-40437200::NA::NA	577	0.0007275388641248741	2	0.06687726685900289	0.158019736737644	2	2	0.06687726685900289	0.1594306272442301	2.0		0.0		1	1.0
enhancers::chr14:54348600-54350000::NA::NA	602	0.0006896838596704793	3	0.008734640084606195	0.13040777565576966	2	2	0.0656151595527349	0.15785711469470973	3.0		0.0		1	1.0
enhancers::chr1:77235800-77238200::NA::NA	414	0.001000461541348595	2	0.06531662981463751	0.15645394034186788	2	2	0.06531662981463751	0.15785711469470973	2.0		0.0		1	1.0
enhancers::chr12:21941000-21941800::NA::NA	425	0.0009733180551874013	2	0.06517353074696332	0.15645394034186788	2	2	0.06517353074696332	0.15785711469470973	1.0		0.0		1	1.0
enhancers::chr5:52702000-52704000::NA::NA	563	0.000739469337359193	2	0.06592160407662973	0.15645394034186788	2	2	0.06592160407662973	0.15785711469470973	2.0		0.0		1	1.0
enhancers::chr4:139655400-139658000::NA::NA	535	0.0007676571167863489	2	0.0643811018450987	0.15645394034186788	2	2	0.0643811018450987	0.15785711469470973	2.0		0.0		1	1.0
enhancers::chr12:46966800-46967800::NA::NA	656	0.0006314649528942377	2	0.06535994848221383	0.15645394034186788	2	2	0.06535994848221383	0.15785711469470973	2.0		0.0		1	1.0
enhancers::chr14:106321400-106328800::NA::NA	483	0.0008551612860136279	2	0.06501425278251229	0.15645394034186788	2	2	0.06501425278251229	0.15785711469470973	2.0		0.0		1	1.0
enhancers::chr17:68118800-68120800::NA::NA	1372	0.000668865249799211	3	0.06573905063676475	0.15645394034186788	3	3	0.06573905063676475	0.15785711469470973	3.0		0.0		1	1.0
enhancers::chr14:35671600-35675600::NA::NA	727	0.0005683725783180543	2	0.06508211394179533	0.15645394034186788	2	2	0.06508211394179533	0.15785711469470973	2.0		0.0		1	1.0
enhancers::chr7:17245800-17246600::NA::NA	732	0.0005513355234048144	2	0.062469404441480324	0.15401152632054796	2	2	0.062469404441480324	0.15617056640915378	2.0		0.0		1	1.0
enhancers::chr2:131629800-131631400::NA::NA	1001	0.0008979450864333519	3	0.06258520826134627	0.15401152632054796	3	3	0.06258520826134627	0.15617056640915378	3.0		0.0		1	1.0
enhancers::chr5:134675600-134677600::NA::NA	825	0.0004810059434951482	2	0.06066523537303594	0.15353192269763596	2	2	0.06066523537303594	0.15609527363800313	2.0		0.0		1	1.0
enhancers::chr12:122478000-122479400::NA::NA	431	0.0009287200125570822	3	0.007901385430910584	0.13040777565576966	2	2	0.061551783331331426	0.15609527363800313	3.0		0.0		1	1.0
enhancers::chr5:107140800-107144000::NA::NA	496	0.000807693200783734	2	0.06165209901969289	0.1539172000523566	2	2	0.06165209901969289	0.15609527363800313	2.0		0.0		1	1.0
enhancers::chr17:17716400-17721200::NA::NA	649	0.0006183638453784183	2	0.06185594337757021	0.1539172000523566	2	2	0.06185594337757021	0.15609527363800313	2.0		0.0		1	1.0
enhancers::chr8:56598200-56599000::NA::NA	442	0.0009091203424843617	2	0.06197040826078027	0.1539172000523566	2	2	0.06197040826078027	0.15609527363800313	2.0		0.0		1	1.0
enhancers::chr11:131300200-131301200::NA::NA	358	0.0011169100798882263	2	0.06142276212294053	0.1539172000523566	2	2	0.06142276212294053	0.15609527363800313	2.0		0.0		1	1.0
enhancers::chr13:26894800-26895800::NA::NA	566	0.0006907731117540452	2	0.0590935947519716	0.15310783652264243	2	2	0.0590935947519716	0.1560808042221112	1.0		0.0		1	1.0
enhancers::chr5:42490400-42493400::NA::NA	429	0.0009039392371219274	2	0.05823548352907219	0.15306483644309613	2	2	0.05823548352907219	0.1560808042221112	2.0		0.0		1	1.0
enhancers::chr7:93774800-93776400::NA::NA	461	0.0008521519166220569	2	0.05957436320348068	0.15310783652264243	2	2	0.05957436320348068	0.1560808042221112	2.0		0.0		1	1.0
enhancers::chr10:60494000-60495000::NA::NA	528	0.0007306917558482565	2	0.05772803939500829	0.15306483644309613	2	2	0.05772803939500829	0.1560808042221112	2.0		0.0		1	1.0
enhancers::chr6:19472200-19472800::NA::NA	440	0.0009844263584650188	2	0.07057579496486904	0.1590188797942619	2	2	0.07057579496486904	0.16037223196272368	2.0		0.0		1	1.0
enhancers::chr7:40260000-40263400::NA::NA	1206	0.0007755254674449561	3	0.0687199362413034	0.1590188797942619	3	3	0.0687199362413034	0.16037223196272368	3.0		0.0		1	1.0
enhancers::chr15:91025200-91026800::NA::NA	855	0.0004991305479142992	2	0.06882684437420825	0.1590188797942619	2	2	0.06882684437420825	0.16037223196272368	1.0		0.0		1	1.0
enhancers::chr12:20779800-20783200::NA::NA	1585	0.000969982692689872	4	0.07033449295637367	0.1590188797942619	4	4	0.07033449295637367	0.16037223196272368	3.0		0.0		1	1.0
enhancers::chr2:21326200-21327400::NA::NA	604	0.0008211103858142563	2	0.08891591374984567	0.17707490245293717	2	2	0.08891591374984567	0.17907198781894773	2.0		0.0		1	1.0
enhancers::chr21:17996800-17997400::NA::NA	361	0.0013687930997886245	2	0.08832582812863983	0.17707490245293717	2	2	0.08832582812863983	0.17907198781894773	1.0		0.0		1	1.0
enhancers::chr3:149158800-149161600::NA::NA	1142	0.00043502233046602095	2	0.08920065310831479	0.17707490245293717	2	2	0.08920065310831479	0.17907198781894773	1.0		0.0		1	1.0
enhancers::chr14:102810000-102812200::NA::NA	792	0.0006216402024169322	2	0.08784215242611684	0.17701022413413733	2	2	0.08784215242611684	0.17903705876162745	2.0		0.0		1	1.0
enhancers::chr6:86069000-86073000::NA::NA	1120	0.00043802209731028303	2	0.08732872842763263	0.17664220068316602	2	2	0.08732872842763263	0.17867257080596102	1.0		0.0		1	1.0
enhancers::chr1:58392600-58393400::NA::NA	543	0.0009032516826328362	2	0.08725729486230427	0.17664220068316602	2	2	0.08725729486230427	0.17867257080596102	2.0		0.0		1	1.0
enhancers::chr13:111116000-111117000::NA::NA	693	0.0007031418165590653	2	0.08631649930249298	0.1759275214791269	2	2	0.08631649930249298	0.17796529199819014	2.0		0.0		1	1.0
enhancers::chr2:29819600-29820400::NA::NA	534	0.0009085555701005128	2	0.08567009766477739	0.175279050394602	2	2	0.08567009766477739	0.1773171788875625	2.0		0.0		1	1.0
enhancers::chr18:10320000-10321400::NA::NA	485	0.0009972457214973821	2	0.08521417554702072	0.17501680670041947	2	2	0.08521417554702072	0.17705980444400415	2.0		0.0		1	1.0
enhancers::chr9:97842400-97847600::NA::NA	685	0.0006993384306452437	2	0.08386351760027787	0.17290779304458834	2	2	0.08386351760027787	0.17493405624432962	2.0		0.0		1	1.0
enhancers::chr8:48733800-48736600::NA::NA	836	0.0005728691516362376	2	0.08383526451106066	0.17290779304458834	2	2	0.08383526451106066	0.17493405624432962	2.0		0.0		1	1.0
enhancers::chr5:163342000-163343600::NA::NA	712	0.000672691619514726	2	0.0838387582113534	0.17290779304458834	2	2	0.0838387582113534	0.17493405624432962	2.0		0.0		1	1.0
enhancers::chrX:135680600-135681800::NA::NA	402	0.0011910976607864183	2	0.0837584769631612	0.17290779304458834	2	2	0.0837584769631612	0.17493405624432962			0.0		1	1.0
enhancers::chr10:26771800-26778600::NA::NA	636	0.0007434162233592294	2	0.08201640747529976	0.17184409086951524	2	2	0.08201640747529976	0.1738898538560571	2.0		0.0		1	1.0
enhancers::chr8:91322200-91324000::NA::NA	425	0.0009010502156847352	2	0.056966072472349465	0.15306483644309613	2	2	0.056966072472349465	0.1560808042221112	2.0		0.0		1	1.0
enhancers::chr2:134092200-134092800::NA::NA	485	0.0009753054483620737	2	0.08206038047139773	0.17184409086951524	2	2	0.08206038047139773	0.1738898538560571	2.0		0.0		1	1.0
enhancers::chr9:81780200-81781600::NA::NA	488	0.0009569352425366984	2	0.08028758285449565	0.17091384864237508	2	2	0.08028758285449565	0.17297305163806637	1.0		0.0		1	1.0
enhancers::chr5:9264600-9265200::NA::NA	447	0.0010426051089125594	2	0.0800058145219519	0.17091384864237508	2	2	0.0800058145219519	0.17297305163806637	1.0		0.0		1	1.0
enhancers::chr7:93480600-93481200::NA::NA	476	0.0009837159393623676	2	0.08065597351662644	0.17091384864237508	2	2	0.08065597351662644	0.17297305163806637	2.0		0.0		1	1.0
enhancers::chr4:144642200-144643200::NA::NA	520	0.0008968068160086501	2	0.08010354277306989	0.17091384864237508	2	2	0.08010354277306989	0.17297305163806637	2.0		0.0		1	1.0
enhancers::chr1:176194000-176195200::NA::NA	679	0.0006833281999625054	2	0.07943079841067523	0.17091384864237508	2	2	0.07943079841067523	0.17297305163806637	2.0		0.0		1	1.0
enhancers::chr4:101287200-101289400::NA::NA	537	0.0008704952388970218	2	0.08043244815669712	0.17091384864237508	2	2	0.08043244815669712	0.17297305163806637	2.0		0.0		1	1.0
enhancers::chr14:45801800-45802600::NA::NA	415	0.0011090250850550418	2	0.07831008221838556	0.16999017847405645	2	2	0.07831008221838556	0.17208882265274852	2.0		0.0		1	1.0
enhancers::chr4:101770000-101771000::NA::NA	561	0.0008144389019465068	2	0.07736331555850672	0.16862045105405138	2	2	0.07736331555850672	0.17071078722414293	2.0		0.0		1	1.0
enhancers::chr12:32738800-32742800::NA::NA	944	0.00048038067312245717	2	0.07640178726134728	0.16720719015393215	2	2	0.07640178726134728	0.16928860745875288			0.0		1	1.0
enhancers::chr2:79317400-79319200::NA::NA	342	0.0013188117203843158	2	0.07563175860546803	0.1662031238490532	2	2	0.07563175860546803	0.16828066289716637	2.0		0.0		1	1.0
enhancers::chr11:86465800-86466600::NA::NA	689	0.0006513330969982503	2	0.07503461260428967	0.16557224434169704	2	2	0.07503461260428967	0.1676505570321786	2.0		0.0		1	1.0
enhancers::chr4:177696000-177708400::NA::NA	1594	0.0009740419385050125	4	0.07232675166044764	0.160927022444496	4	4	0.07232675166044764	0.16227935036419763	4.0		0.0		1	1.0
enhancers::chr5:57389400-57390400::NA::NA	389	0.0011263320046190303	2	0.07197240006890987	0.1608086260953886	2	2	0.07197240006890987	0.16216566091475895	2.0		0.0		1	1.0
enhancers::chr4:23041400-23042000::NA::NA	489	0.0008883125380585038	2	0.07093130253896135	0.15914838468825782	2	2	0.07093130253896135	0.16049709981273458	1.0		0.0		1	1.0
enhancers::chr16:65943200-65944600::NA::NA	426	0.001105043207811352	2	0.08138050185259388	0.17176754145962503	2	2	0.08138050185259388	0.17382875195714054	2.0		0.0		1	1.0
enhancers::chr1:156101600-156110200::NA::NA	2085	0.0002854908104081629	3	0.02262890011346561	0.13040777565576966	3	3	0.02262890011346561	0.13523769327265	3.0		0.0		1	1.0
enhancers::chr4:138124800-138125400::NA::NA	294	0.0013203865746868556	2	0.05830810933345089	0.15306483644309613	2	2	0.05830810933345089	0.1560808042221112	2.0		0.0		1	1.0
enhancers::chr12:93422600-93423400::NA::NA	691	0.0005551930348549849	2	0.05717479147407082	0.15306483644309613	2	2	0.05717479147407082	0.1560808042221112	2.0		0.0		1	1.0
enhancers::chr2:151744600-151745200::NA::NA	335	0.0009344645304274634	2	0.03980574414708253	0.13985420000299595	2	2	0.03980574414708253	0.14423300924197793	2.0		0.0		1	1.0
enhancers::chr3:31135200-31137200::NA::NA	440	0.0007410199349496659	2	0.04283897651209816	0.14015863044983168	2	2	0.04283897651209816	0.14423300924197793	2.0		0.0		1	1.0
enhancers::chr1:71879800-71880600::NA::NA	292	0.0011678252158836358	2	0.04637775924257207	0.14015863044983168	2	2	0.04637775924257207	0.14423300924197793	1.0		0.0		1	1.0
enhancers::chr1:55337200-55338000::NA::NA	565	0.0005712327303831323	2	0.04207808153361755	0.14015863044983168	2	2	0.04207808153361755	0.14423300924197793	2.0		0.0		1	1.0
enhancers::chr2:192647400-192648400::NA::NA	416	0.0008033657445756066	2	0.04476807656969057	0.14015863044983168	2	2	0.04476807656969057	0.14423300924197793	1.0		0.0		1	1.0
enhancers::chr3:142383200-142384400::NA::NA	534	0.0006339090880703251	2	0.04581645779470402	0.14015863044983168	2	2	0.04581645779470402	0.14423300924197793	1.0		0.0		1	1.0
enhancers::chr10:73590200-73593200::NA::NA	896	0.00036486094533786533	2	0.0430729656911279	0.14015863044983168	2	2	0.0430729656911279	0.14423300924197793	2.0		0.0		1	1.0
enhancers::chr20:45878400-45879800::NA::NA	731	0.0004666155937398473	2	0.04645597864396937	0.14015863044983168	2	2	0.04645597864396937	0.14423300924197793	2.0		0.0		1	1.0
enhancers::chr8:97225000-97226400::NA::NA	314	0.001009572945183213	2	0.0407100507753971	0.14015863044983168	2	2	0.0407100507753971	0.14423300924197793	2.0		0.0		1	1.0
enhancers::chr17:40736400-40740200::NA::NA	707	0.000479293125485655	2	0.04591396648041975	0.14015863044983168	2	2	0.04591396648041975	0.14423300924197793	2.0		0.0		1	1.0
enhancers::chr3:118220000-118221200::NA::NA	284	0.001192879034512482	2	0.04583694135450461	0.14015863044983168	2	2	0.04583694135450461	0.14423300924197793	1.0		0.0		1	1.0
enhancers::chr2:68529800-68531000::NA::NA	505	0.0006599074424900503	2	0.044553212968583625	0.14015863044983168	2	2	0.044553212968583625	0.14423300924197793	2.0		0.0		1	1.0
enhancers::chr7:138248600-138249800::NA::NA	616	0.0005185078290676758	2	0.04130315343645651	0.14015863044983168	2	2	0.04130315343645651	0.14423300924197793	2.0		0.0		1	1.0
enhancers::chr7:122088600-122091200::NA::NA	323	0.0009998511907886715	2	0.042092104028756516	0.14015863044983168	2	2	0.042092104028756516	0.14423300924197793	2.0		0.0		1	1.0
enhancers::chr2:57634800-57635800::NA::NA	632	0.0012494221508885857	3	0.045836715211736836	0.14015863044983168	3	3	0.045836715211736836	0.14423300924197793	3.0		0.0		1	1.0
enhancers::chr7:107470800-107471800::NA::NA	479	0.0007104626110045496	2	0.046246396509251345	0.14015863044983168	2	2	0.046246396509251345	0.14423300924197793	2.0		0.0		1	1.0
enhancers::chr10:18988400-18990000::NA::NA	835	0.0009241532599583315	3	0.043357728154171084	0.14015863044983168	3	3	0.043357728154171084	0.14423300924197793	2.0		0.0		1	1.0
enhancers::chr3:115802400-115803400::NA::NA	383	0.0008909675476204371	2	0.04645707413786555	0.14015863044983168	2	2	0.04645707413786555	0.14423300924197793	2.0		0.0		1	1.0
enhancers::chr7:44826600-44827600::NA::NA	596	0.0005688819643155891	2	0.04595351246945988	0.14015863044983168	2	2	0.04595351246945988	0.14423300924197793	1.0		0.0		1	1.0
enhancers::chr11:101896200-101898000::NA::NA	386	0.0008029970854736229	2	0.03911162847418303	0.13923739736809157	2	2	0.03911162847418303	0.14403868693250854	2.0		0.0		1	1.0
enhancers::chr5:163013200-163014600::NA::NA	279	0.0011054415799336165	2	0.03873873694393161	0.13883547334268106	2	2	0.03873873694393161	0.14365614950041306	2.0		0.0		1	1.0
enhancers::chr7:115816400-115818200::NA::NA	458	0.000670697981303361	2	0.03849271144481517	0.13883547334268106	2	2	0.03849271144481517	0.14365614950041306	2.0		0.0		1	1.0
enhancers::chr8:70359800-70362400::NA::NA	694	0.0010533550866982	3	0.03793893502893689	0.13876070138164753	3	3	0.03793893502893689	0.14364664157114218	3.0		0.0		1	1.0
enhancers::chr7:129638400-129639000::NA::NA	481	0.000635887216453845	2	0.038198170605060276	0.13876070138164753	2	2	0.038198170605060276	0.14364664157114218	2.0		0.0		1	1.0
enhancers::chr17:28132400-28135200::NA::NA	442	0.0006834681020572421	2	0.03734927283069771	0.1375483564937419	2	2	0.03734927283069771	0.14246079779708984	2.0		0.0		1	1.0
enhancers::chr5:79562800-79567800::NA::NA	501	0.00059672835306049	2	0.036659249196434845	0.13594471577011255	2	2	0.036659249196434845	0.14083481345968493	2.0		0.0		1	1.0
enhancers::chr21:27747000-27749200::NA::NA	949	0.0007538942038814687	3	0.03598702420282365	0.13438511135879602	3	3	0.03598702420282365	0.13925413713266543	3.0		0.0		1	1.0
enhancers::chr22:34073600-34075000::NA::NA	207	0.0014216599891366541	2	0.03556418612765321	0.13374137600117475	2	2	0.03556418612765321	0.13862244811800595	2.0		0.0		1	1.0
enhancers::chr3:138659200-138660600::NA::NA	714	0.00040828137908876816	2	0.0350373824505717	0.1326947675787609	2	2	0.0350373824505717	0.13757325168092122	1.0		0.0		1	1.0
enhancers::chr16:27510600-27511400::NA::NA	381	0.0008245764917730297	2	0.040070585394116814	0.13985420000299595	2	2	0.040070585394116814	0.14423300924197793	2.0		0.0		1	1.0
enhancers::chr4:79626200-79628800::NA::NA	481	0.0006509351909915884	2	0.03984049066656523	0.13985420000299595	2	2	0.03984049066656523	0.14423300924197793	2.0		0.0		1	1.0
enhancers::chr5:32545200-32545800::NA::NA	480	0.0006744970299788222	2	0.04230665589665284	0.14015863044983168	2	2	0.04230665589665284	0.14423300924197793	2.0		0.0		1	1.0
enhancers::chr6:46756800-46760600::NA::NA	1122	0.0006803175695943208	5	0.0011427772696756139	0.13040777565576966	3	3	0.04223699131849388	0.14423300924197793	5.0		0.0		1	1.0
enhancers::chr8:132301800-132303200::NA::NA	728	0.0011969703688473523	3	0.05812228356383337	0.15306483644309613	3	3	0.05812228356383337	0.1560808042221112	3.0		0.0		1	1.0
enhancers::chr12:10664600-10665200::NA::NA	380	0.0010324217212949276	2	0.05942147623313641	0.15310783652264243	2	2	0.05942147623313641	0.1560808042221112	1.0		0.0		1	1.0
enhancers::chr8:39961000-39962600::NA::NA	648	0.0006084512024976018	2	0.0599748715826621	0.15310783652264243	2	2	0.0599748715826621	0.1560808042221112	2.0		0.0		1	1.0
enhancers::chr10:23803000-23803800::NA::NA	443	0.0008922119083136361	2	0.060210946947106575	0.15310783652264243	2	2	0.060210946947106575	0.1560808042221112	2.0		0.0		1	1.0
enhancers::chr18:7896400-7897400::NA::NA	417	0.0009427826548252761	2	0.059646193431940664	0.15310783652264243	2	2	0.059646193431940664	0.1560808042221112	2.0		0.0		1	1.0
enhancers::chr12:22752600-22753400::NA::NA	412	0.0009200208462853555	2	0.05595000092794983	0.15166142383515333	2	2	0.05595000092794983	0.15480466577992336	2.0		0.0		1	1.0
enhancers::chr6:105147400-105149000::NA::NA	430	0.0008805767726680225	2	0.05584928613277228	0.15166142383515333	2	2	0.05584928613277228	0.15480466577992336	1.0		0.0		1	1.0
enhancers::chr6:142705600-142706400::NA::NA	736	0.0005084305078142272	2	0.05473146627287823	0.15150974632155842	2	2	0.05473146627287823	0.1546827253021146	2.0		0.0		1	1.0
enhancers::chr2:191977600-191981000::NA::NA	654	0.000570152148092061	2	0.05438573797746161	0.15150974632155842	2	2	0.05438573797746161	0.1546827253021146	2.0		0.0		1	1.0
enhancers::chr7:209200-210600::NA::NA	485	0.000769472024224567	2	0.0544504290218241	0.15150974632155842	2	2	0.0544504290218241	0.1546827253021146	2.0		0.0		1	1.0
enhancers::chr2:150265800-150267800::NA::NA	1022	0.0008347616087822356	3	0.05528820056215785	0.15150974632155842	3	3	0.05528820056215785	0.1546827253021146	3.0		0.0		1	1.0
enhancers::chr5:60325400-60326000::NA::NA	600	0.0006240358190386228	2	0.05477791161812473	0.15150974632155842	2	2	0.05477791161812473	0.1546827253021146	2.0		0.0		1	1.0
enhancers::chr21:27365400-27373800::NA::NA	553	0.0006809519778374961	2	0.05532659275787245	0.15150974632155842	2	2	0.05532659275787245	0.1546827253021146	2.0		0.0		1	1.0
enhancers::chrX:18918600-18919200::NA::NA	282	0.0013270686650782276	2	0.0546727112343441	0.15150974632155842	2	2	0.0546727112343441	0.1546827253021146			0.0		1	1.0
enhancers::chr3:126551000-126552000::NA::NA	607	0.0006402235848105586	2	0.05847420718050863	0.15306483644309613	2	2	0.05847420718050863	0.1560808042221112	2.0		0.0		1	1.0
enhancers::chr19:41240400-41242600::NA::NA	677	0.0005401739772237757	2	0.052554991567047835	0.15150974632155842	2	2	0.052554991567047835	0.1546827253021146	2.0		0.0		1	1.0
enhancers::chr1:58723200-58724400::NA::NA	340	0.001099165429684116	2	0.05455807880150418	0.15150974632155842	2	2	0.05455807880150418	0.1546827253021146	2.0		0.0		1	1.0
enhancers::chr4:75133400-75134400::NA::NA	552	0.0006820441654992877	2	0.05530633392212891	0.15150974632155842	2	2	0.05530633392212891	0.1546827253021146	1.0		0.0		1	1.0
enhancers::chr1:71374000-71376200::NA::NA	852	0.0009747674289193638	3	0.05182229354014845	0.15060062071181737	3	3	0.05182229354014845	0.15394730117208	3.0		0.0		1	1.0
enhancers::chr20:16934600-16935600::NA::NA	656	0.001266980326458924	3	0.05189234870968988	0.15060062071181737	3	3	0.05189234870968988	0.15394730117208	3.0		0.0		1	1.0
enhancers::chr13:75342400-75343600::NA::NA	346	0.0010368178142483888	2	0.050760401942474775	0.1489343661389095	2	2	0.050760401942474775	0.15228120582742433	2.0		0.0		1	1.0
enhancers::chr20:7920400-7921600::NA::NA	400	0.0008849552965844869	3	0.005650404240291858	0.13040777565576966	2	2	0.04958574668261652	0.15000669224964105	3.0		0.0		1	1.0
enhancers::chr8:72502600-72504200::NA::NA	692	0.0011727407754630625	3	0.048993689049672384	0.14615994386885506	3	3	0.048993689049672384	0.15000669224964105	2.0		0.0		1	1.0
enhancers::chr2:189876400-189880400::NA::NA	986	0.0008228093979393078	3	0.04898810682629418	0.14615994386885506	3	3	0.04898810682629418	0.15000669224964105	3.0		0.0		1	1.0
enhancers::chr11:113143400-113146200::NA::NA	412	0.0008604845506598795	2	0.04972131934117315	0.14669162722754953	2	2	0.04972131934117315	0.15000669224964105	1.0		0.0		1	1.0
enhancers::chr8:69983200-69984400::NA::NA	957	0.0014246155054155039	4	0.04955343489473486	0.14669162722754953	4	4	0.04955343489473486	0.15000669224964105	4.0		0.0		1	1.0
enhancers::chr6:121827800-121828600::NA::NA	369	0.0008703557299589668	2	0.041684549967054556	0.14015863044983168	2	2	0.041684549967054556	0.14423300924197793	2.0		0.0		1	1.0
enhancers::chr1:68329800-68331000::NA::NA	471	0.0007223624749745479	2	0.04622635061104652	0.14015863044983168	2	2	0.04622635061104652	0.14423300924197793	2.0		0.0		1	1.0
enhancers::chr3:165353400-165354600::NA::NA	771	0.0010067016544752555	3	0.04397183960376693	0.14015863044983168	3	3	0.04397183960376693	0.14423300924197793	3.0		0.0		1	1.0
enhancers::chr3:73736000-73737800::NA::NA	705	0.0010844465511794588	3	0.042368550942208975	0.14015863044983168	3	3	0.042368550942208975	0.14423300924197793	3.0		0.0		1	1.0
enhancers::chr4:119874400-119877800::NA::NA	543	0.0006900153486120984	2	0.05483873466812797	0.15150974632155842	2	2	0.05483873466812797	0.1546827253021146	2.0		0.0		1	1.0
enhancers::chrX:65218000-65239000::NA::NA	9177	0.0010547901482880215	3	0.9964143592837917	0.9964143592837917	3	3	0.9964143592837917	0.9964143592837917			0.0		1	1.0
