6	142706205	142706206	SNP	G	A	TGA	DO496	TCA>T	6	142705654	142706390	enhancers::chr6:142705600-142706400::NA::NA	enhancers::chr6:142705600-142706400::NA::NA::0
6	142706205	142706206	SNP	G	A	TGA	DO804	TCA>T	6	142705654	142706390	enhancers::chr6:142705600-142706400::NA::NA	enhancers::chr6:142705600-142706400::NA::NA::0
6	142706208	142706209	SNP	C	A	ACA	DO477	ACA>A	6	142705654	142706390	enhancers::chr6:142705600-142706400::NA::NA	enhancers::chr6:142705600-142706400::NA::NA::0
6	142706205	142706206	SNP	G	A	TGA	DO561	TCA>T	6	142705654	142706390	enhancers::chr6:142705600-142706400::NA::NA	enhancers::chr6:142705600-142706400::NA::NA::0
6	142706205	142706206	SNP	G	A	TGA	DO555	TCA>T	6	142705654	142706390	enhancers::chr6:142705600-142706400::NA::NA	enhancers::chr6:142705600-142706400::NA::NA::0
6	142706208	142706209	SNP	C	T	ACA	DO822	ACA>T	6	142705654	142706390	enhancers::chr6:142705600-142706400::NA::NA	enhancers::chr6:142705600-142706400::NA::NA::0
6	142706208	142706209	SNP	C	T	ACA	DO695	ACA>T	6	142705654	142706390	enhancers::chr6:142705600-142706400::NA::NA	enhancers::chr6:142705600-142706400::NA::NA::0
6	142706208	142706209	SNP	C	T	ACA	DO522	ACA>T	6	142705654	142706390	enhancers::chr6:142705600-142706400::NA::NA	enhancers::chr6:142705600-142706400::NA::NA::0
6	142706205	142706206	SNP	G	A	TGA	DO498	TCA>T	6	142705654	142706390	enhancers::chr6:142705600-142706400::NA::NA	enhancers::chr6:142705600-142706400::NA::NA::0
6	142706205	142706206	SNP	G	A	TGA	DO828	TCA>T	6	142705654	142706390	enhancers::chr6:142705600-142706400::NA::NA	enhancers::chr6:142705600-142706400::NA::NA::0
6	142706288	142706289	SNP	G	C	AGA	DO828	TCT>G	6	142705654	142706390	enhancers::chr6:142705600-142706400::NA::NA	enhancers::chr6:142705600-142706400::NA::NA::0
6	142706205	142706206	SNP	G	A	TGA	DO44097	TCA>T	6	142705654	142706390	enhancers::chr6:142705600-142706400::NA::NA	enhancers::chr6:142705600-142706400::NA::NA::0
6	142706205	142706206	SNP	G	A	TGA	DO856	TCA>T	6	142705654	142706390	enhancers::chr6:142705600-142706400::NA::NA	enhancers::chr6:142705600-142706400::NA::NA::0
6	142706208	142706209	SNP	C	T	ACA	DO472	ACA>T	6	142705654	142706390	enhancers::chr6:142705600-142706400::NA::NA	enhancers::chr6:142705600-142706400::NA::NA::0
6	142706205	142706206	SNP	G	A	TGA	DO669	TCA>T	6	142705654	142706390	enhancers::chr6:142705600-142706400::NA::NA	enhancers::chr6:142705600-142706400::NA::NA::0
