DO45049	9	69735093	140273200	2	1	1	2
DO48701	9	91499009	140315015	2	1	1	3
DO48703	9	50700000	140273200	2	1	1	3
DO45269	9	70179645	140315015	2	1	1	2
DO44885	9	50700000	140223200	2	1	1	3
DO48704	9	66267500	114889544	2	1	1	3
DO45273	9	66504739	141213430	2	1	1	2
DO45051	9	50700000	131983534	2	1	1	3
DO48706	9	66799972	112744290	2	1	1	3
DO48709	9	50700000	128694000	3	2	1	2
DO45277	9	74645181	140273200	2	1	1	3
DO48712	9	66799972	140315015	2	2	0	3
DO22935	9	92692500	140273200	1	1	0	3
DO48715	9	66799972	140229975	2	1	1	3
DO48716	9	75769369	140273200	2	1	1	3
DO48717	9	50700000	140273200	2	1	1	3
DO45091	9	79762552	140273200	3	2	1	2
DO22839	9	67309931	115293665	2	1	1	3
DO45055	9	68152500	140267500	2	1	1	3
DO48719	9	66799972	123471674	2	1	1	3
DO48720	9	68152500	140273200	1	1	0	2
DO45061	9	66486486	120765211	1	1	0	3
DO48721	9	50700000	104940035	4	2	2	2
DO45092	9	69797501	129560400	1	1	0	2
DO48723	9	66267500	116303107	2	1	1	3
DO48725	9	50700000	140315015	2	1	1	3
DO45075	9	67890372	140229975	1	1	0	3
DO48727	9	69004603	140273200	1	1	0	3
DO48728	9	66292500	140267500	2	1	1	2
DO52172	9	50700000	136648849	4	2	2	3
DO50820	9	103515019	106708087	2	1	1	3
DO48730	9	68147500	140267500	2	1	1	3
DO45067	9	50700000	140267500	2	1	1	2
DO48732	9	70121802	140273200	2	2	0	3
DO45093	9	95562500	105099364	2	1	1	1
DO48733	9	50700000	140229975	2	1	1	3
DO48736	9	77298984	107239443	1	1	0	3
DO48737	9	50700000	140315015	5	3	2	2
DO48738	9	66799972	104927854	2	1	1	2
DO45094	9	66712500	140267500	2	1	1	3
DO48741	9	70567984	133286823	5	3	2	3
DO45095	9	103753673	105283418	2	1	1	2
DO45096	9	94329273	141213430	2	1	1	2
DO48742	9	66486486	140315015	2	1	1	3
DO48743	9	100683258	106928894	1	1	0	2
DO44982	9	50700000	140273200	2	1	1	3
DO48747	9	50700000	140273200	2	1	1	2
DO22896	9	97573653	110035862	3	2	1	2
DO48751	9	69863899	140267500	2	1	1	3
DO48753	9	101379164	140315015	2	1	1	2
DO45097	9	103135516	140267500	2	1	1	3
DO48757	9	50700000	140315015	4	2	2	3
DO22932	9	50700000	140315015	4	2	2	2
DO48759	9	89570968	120605684	1	1	0	1
DO45099	9	50700000	140267500	2	1	1	3
DO48760	9	103982841	104895505	2	1	1	2
DO48761	9	50700000	140267500	2	1	1	2
DO50772	9	82042348	140315015	1	1	0	3
DO45101	9	71548004	140267500	2	1	1	3
DO44889	9	91275482	104785880	1	1	0	3
DO50774	9	90301871	105161871	2	1	1	2
DO219580	9	66306947	140267500	2	1	1	2
DO50776	9	66799972	140273200	1	1	0	2
DO45103	9	50700000	140273200	3	2	1	2
DO45064	9	50700000	140267500	2	1	1	2
DO50778	9	86768002	106740040	2	1	1	2
DO22970	9	71030093	140273200	2	1	1	3
DO50780	9	96768560	132243405	2	2	0	3
DO45105	9	104031716	140267500	2	1	1	2
DO50783	9	50700000	140273200	2	1	1	3
DO45057	9	66553014	140273200	2	1	1	3
DO50785	9	68991528	140315015	2	1	1	2
DO22860	9	75177379	136836434	2	1	1	2
DO50787	9	71030093	109987250	2	1	1	3
DO45107	9	50700000	130210745	3	2	1	2
DO50789	9	76052211	140273200	2	1	1	2
DO45109	9	50700000	138857500	2	1	1	3
DO50791	9	103540735	104439927	2	1	1	2
DO45111	9	80458906	105690985	4	2	2	3
DO50793	9	50700000	141005772	2	1	1	3
DO22884	9	69789802	140273200	2	1	1	3
DO50796	9	100961470	140273200	2	1	1	3
DO45113	9	69937402	140267500	1	1	0	3
DO50798	9	103523349	106652239	2	1	1	2
DO45073	9	50700000	140267500	2	1	1	3
DO50799	9	83240274	120829961	2	1	1	2
DO45115	9	103711202	116812810	2	1	1	3
DO50800	9	97523297	104876312	2	1	1	2
DO45117	9	66826235	108030165	2	1	1	2
DO22866	9	50700000	140267500	2	1	1	3
DO22854	9	50700000	124094798	2	1	1	3
DO44832	9	50700000	140273200	2	1	1	3
DO50802	9	50700000	140267500	2	1	1	3
DO45119	9	66519700	123142027	1	1	0	3
DO22953	9	66707500	140267500	2	1	1	3
DO23023	9	104094051	105364756	3	2	1	3
DO50803	9	103540044	104432176	2	1	1	2
DO44919	9	99810269	136536394	1	1	0	2
DO50804	9	104035906	104404260	2	1	1	2
DO50805	9	68419976	131191985	2	1	1	2
DO50806	9	72147918	140273200	3	3	0	1
DO45121	9	95550429	122052298	1	1	0	3
DO22998	9	50700000	132379913	2	1	1	2
DO50807	9	80440843	116995827	2	1	1	3
DO44883	9	71027026	138154231	2	1	1	3
DO50808	9	68152500	130014386	1	1	0	3
DO50809	9	103985829	119860071	2	1	1	2
DO45085	9	102352083	140273200	3	2	1	3
DO45123	9	70502500	140273200	4	2	2	2
DO50811	9	78081360	117979984	2	1	1	2
DO45083	9	65971029	140273200	3	2	1	3
DO45071	9	66709101	139049987	4	2	2	2
DO50813	9	103940924	105217744	2	1	1	2
DO48518	9	69944602	105371967	3	3	0	2
DO45125	9	69538723	140273200	2	1	1	3
DO50814	9	66799972	137410694	2	2	0	2
DO45127	9	87861228	140273200	3	2	1	3
DO50815	9	90209353	106634441	4	2	2	3
DO23508	9	50700000	140267500	2	1	1	3
DO50816	9	68419976	132114797	2	1	1	2
DO45047	9	66486486	134130785	3	3	0	2
DO50817	9	76712627	140273200	2	1	1	3
DO45129	9	66799972	140267500	2	1	1	3
DO50818	9	50700000	140273200	2	1	1	3
DO45029	9	97853415	122008174	4	3	1	2
DO50819	9	72446836	140273200	2	1	1	2
DO50822	9	103540044	104439927	2	1	1	2
DO23509	9	92345007	106276428	4	2	2	2
DO45131	9	100820184	105333152	1	1	0	2
DO50825	9	50700000	140273200	3	2	1	2
DO45133	9	50700000	136582447	2	1	1	3
DO48552	9	69835706	140267500	4	2	2	2
DO50827	9	103556016	104880056	2	1	1	2
DO45009	9	92452316	104751439	3	3	0	2
DO45135	9	50700000	140267500	3	2	1	2
DO44930	9	101874444	127874680	3	3	0	3
DO50829	9	103515740	105662000	1	1	0	2
DO45069	9	104116796	137126632	2	2	0	3
DO50831	9	70199803	119430044	1	1	0	3
DO45137	9	69937622	140273200	1	1	0	2
DO50832	9	104023602	104437372	4	2	2	2
DO44872	9	50700000	140273200	2	1	1	3
DO45139	9	50700000	131393666	1	1	0	3
DO50834	9	66799972	140273200	2	1	1	2
DO45141	9	66799972	140217500	2	1	1	2
DO50837	9	104040972	108705622	2	1	1	2
DO45143	9	70484481	140267500	2	1	1	3
DO48505	9	88341472	140267500	2	1	1	3
DO50839	9	96066712	140273200	2	1	1	3
DO23510	9	85713449	134195038	1	1	0	3
DO50840	9	84993836	110154743	2	1	1	3
DO45145	9	68419976	112140143	2	1	1	2
DO50842	9	90836194	139012492	3	2	1	3
DO23028	9	82051301	140267500	3	2	1	2
DO23073	9	66847352	139769651	2	1	1	3
DO45147	9	88598750	119452861	2	1	1	2
DO50844	9	81400113	141019790	4	2	2	3
DO23512	9	69951486	140273200	3	2	1	2
DO50845	9	96229615	140273200	2	1	1	2
DO44966	9	94610475	110889545	5	3	2	2
DO45149	9	69949415	140217500	2	1	1	3
DO44978	9	66799972	118191462	2	1	1	2
DO45151	9	66799972	141213430	2	1	1	2
DO50848	9	103540044	106801844	2	1	1	2
DO50850	9	83203185	106650013	2	1	1	3
DO50851	9	103793891	106610002	2	2	0	2
DO45153	9	103517910	108669924	2	1	1	2
DO45155	9	50700000	141019790	2	1	1	2
DO45079	9	92452952	104521224	2	1	1	3
DO45157	9	66589615	140267500	2	1	1	2
DO45045	9	66849972	112180955	2	1	1	3
DO45159	9	50700000	140273200	2	1	1	3
DO45161	9	80543147	140267500	2	1	1	2
DO50855	9	68419976	140273200	2	1	1	3
DO45163	9	50700000	105144763	2	1	1	2
DO50857	9	103340383	106543970	3	2	1	2
DO23513	9	50700000	140273200	2	1	1	3
DO44744	9	50700000	140273200	2	2	0	3
DO44875	9	70502500	141050413	3	2	1	2
DO50859	9	66799972	140267500	3	2	1	3
DO45165	9	50700000	140267500	4	2	2	1
DO44974	9	70938202	110925237	1	1	0	3
DO45167	9	86807666	140267500	2	1	1	2
DO45065	9	69005002	140273200	1	1	0	3
DO45169	9	70946032	111723937	2	1	1	3
DO52171	9	99938851	114772721	3	2	1	1
DO23514	9	68791284	123047344	2	1	1	3
DO45171	9	50700000	140045547	2	1	1	2
DO44890	9	104179840	104193201	3	2	1	2
DO44890	9	104193202	104392142	3	2	1	3
DO48672	9	70484481	130934090	2	1	1	3
DO23515	9	74597386	107537394	4	2	2	1
DO45173	9	67215499	140273200	2	1	1	2
DO45175	9	50700000	140267500	2	1	1	3
DO45089	9	66799972	122097063	3	2	1	2
DO45177	9	50700000	140273200	2	1	1	3
DO45043	9	50700000	140273200	1	1	0	2
DO45179	9	75995001	106658985	2	1	1	2
DO44806	9	50700000	140267500	2	1	1	3
DO45181	9	88532181	114390106	1	1	0	3
DO45183	9	83145355	140267500	2	1	1	3
DO45185	9	98575101	140273200	2	1	1	1
DO22836	9	101499376	105143566	2	1	1	3
DO45187	9	94501570	140273200	2	1	1	3
DO45189	9	66847352	105570480	2	1	1	2
DO45077	9	66486486	140273200	3	2	1	2
DO48674	9	103958880	105120044	2	1	1	2
DO45191	9	86417295	118348040	2	1	1	3
DO44888	9	92832875	140273200	3	2	1	3
DO45193	9	83261516	106661006	4	3	1	2
DO23516	9	83248538	140273200	2	1	1	3
DO22914	9	50700000	140273200	1	1	0	2
DO23517	9	88402180	108492505	1	1	0	3
DO23518	9	88479786	140315015	2	1	1	2
DO48677	9	50700000	105430614	2	1	1	3
DO22994	9	104068140	120236726	3	2	1	3
DO45197	9	50700000	140273200	2	1	1	3
DO45199	9	104049202	104432292	4	2	2	2
DO48679	9	69952068	140273200	4	2	2	2
DO45201	9	68369976	106784200	2	1	1	3
DO45203	9	68664402	140273200	2	2	0	2
DO45205	9	99179387	140273200	2	1	1	3
DO22875	9	88148012	135959990	3	2	1	3
DO23519	9	70504629	112194698	2	1	1	1
DO45207	9	66812501	140315015	2	1	1	3
DO23520	9	104029880	104869989	3	2	1	2
DO23521	9	96117349	140315015	3	2	1	2
DO45209	9	103985829	104271302	3	2	1	2
DO23522	9	93060300	125393584	2	1	1	2
DO45211	9	82276970	104439927	2	1	1	2
DO45213	9	97618726	131467499	2	1	1	3
DO23524	9	50700000	140315015	2	1	1	2
DO45215	9	92829823	104377496	2	1	1	2
DO45217	9	66504739	119089172	4	2	2	2
DO45219	9	69950102	140279998	1	1	0	2
DO45037	9	71030093	140267500	2	1	1	2
DO45221	9	50700000	140273200	3	2	1	2
DO23525	9	69239156	140304504	4	3	1	3
DO23526	9	91059212	140267500	1	1	0	1
DO45041	9	68298943	140273200	2	1	1	3
DO45223	9	66847352	135706991	1	1	0	2
DO23527	9	103991664	105089958	3	2	1	2
DO23528	9	70958202	126730023	2	2	0	3
DO44994	9	83922376	140267500	1	1	0	3
DO45225	9	50700000	140273200	2	1	1	2
DO22986	9	50700000	121189004	2	1	1	2
DO45227	9	98110573	106707800	2	2	0	2
DO45229	9	104027518	104438934	1	1	0	2
DO23529	9	50700000	140315015	2	1	1	2
DO48681	9	66527501	111846713	2	1	1	3
DO22959	9	70838515	140273200	3	2	1	3
DO45233	9	103540044	108525002	2	1	1	2
DO23018	9	70882501	140273200	2	2	0	2
DO23530	9	68375369	124121187	2	1	1	2
DO22929	9	104182283	107321197	2	1	1	3
DO45235	9	83209748	104400086	2	1	1	2
DO22978	9	68152500	139748275	1	1	0	1
DO49695	9	66519700	140267500	2	1	1	3
DO23532	9	96769758	139542666	2	1	1	3
DO23533	9	77910033	106710025	2	1	1	3
DO48682	9	50700000	122228132	2	1	1	3
DO23534	9	94431481	108660006	2	1	1	2
DO48684	9	75998202	114651690	4	2	2	3
DO48686	9	75958554	140273200	1	1	0	2
DO48687	9	50700000	141003946	3	2	1	3
DO23535	9	66519031	141213430	2	1	1	2
DO23536	9	103540044	106666787	3	2	1	2
DO45237	9	73129995	114629125	4	2	2	3
DO45035	9	87685248	140273200	1	1	0	2
DO44877	9	50700000	140273200	2	1	1	3
DO23537	9	93433021	140273200	1	1	0	2
DO45239	9	91755085	140273200	2	1	1	3
DO23048	9	50700000	140273200	4	2	2	2
DO23538	9	77199803	120829961	2	1	1	2
DO45241	9	66799972	140273200	2	1	1	3
DO44828	9	67623864	140267500	2	1	1	3
DO23539	9	68992969	107893127	2	1	1	2
DO23540	9	67005203	137964845	2	1	1	3
DO22956	9	66494188	140267500	2	1	1	3
DO48689	9	69953424	126887089	2	1	1	3
DO44986	9	50700000	140273200	2	1	1	3
DO48691	9	50700000	140267500	2	1	1	3
DO22838	9	90539885	136877001	4	3	1	3
DO23541	9	82999763	140288446	2	1	1	3
DO45247	9	89198428	140273200	2	1	1	3
DO23542	9	101164993	120050332	1	1	0	3
DO48692	9	95980802	107389993	2	1	1	3
DO49659	9	92787660	140267500	2	1	1	2
DO23543	9	66694223	141213430	2	1	1	3
DO45253	9	83251810	106617402	2	1	1	3
DO45255	9	66486486	112157672	2	1	1	3
DO48693	9	50700000	140267500	2	1	1	2
DO45039	9	75797619	140273200	3	2	1	3
DO23544	9	50700000	105918105	2	1	1	2
DO45059	9	66487165	131306333	2	1	1	2
DO23545	9	50700000	140273200	2	1	1	3
DO45087	9	71030093	140267500	2	1	1	3
DO23546	9	68369976	140273200	2	1	1	3
DO23547	9	88547082	105663449	2	1	1	2
DO48694	9	50700000	140273200	2	1	1	3
DO23549	9	66467500	112544853	1	1	0	1
DO45081	9	74562000	140273200	3	2	1	2
DO45257	9	104081381	104368629	4	2	2	1
DO52307	9	92630999	107706105	2	1	1	2
DO44740	9	70652802	138987500	3	2	1	2
DO48695	9	50700000	108779995	3	2	1	2
DO48697	9	66518338	140273200	1	1	0	2
DO23550	9	69015536	140315015	2	1	1	3
DO22887	9	50700000	140267500	4	2	2	2
DO45263	9	70882501	140273200	1	1	0	3
DO45265	9	91756100	140315015	6	4	2	2
DO23551	9	88639434	108272798	2	2	0	2
DO45267	9	50700000	109750200	2	1	1	3
DO48700	9	66502500	140273200	2	1	1	3
DO23552	9	74645084	112839824	2	1	1	3
